"o""kZ 2023&24 esa vk;ksftr vf[ky Hkkjrh; iqfyl izfr;ksfxrk esa f[kykfM;ksa }kjk vftZr fd;s x;s indksa dk fooj.k","o""kZ 2023&24 esa vk;ksftr vf[ky Hkkjrh; iqfyl izfr;ksfxrk esa f[kykfM;ksa }kjk vftZr fd;s x;s indksa dk fooj.k","o""kZ 2023&24 esa vk;ksftr vf[ky Hkkjrh; iqfyl izfr;ksfxrk esa f[kykfM;ksa }kjk vftZr fd;s x;s indksa dk fooj.k","o""kZ 2023&24 esa vk;ksftr vf[ky Hkkjrh; iqfyl izfr;ksfxrk esa f[kykfM;ksa }kjk vftZr fd;s x;s indksa dk fooj.k","o""kZ 2023&24 esa vk;ksftr vf[ky Hkkjrh; iqfyl izfr;ksfxrk esa f[kykfM;ksa }kjk vftZr fd;s x;s indksa dk fooj.k","o""kZ 2023&24 esa vk;ksftr vf[ky Hkkjrh; iqfyl izfr;ksfxrk esa f[kykfM;ksa }kjk vftZr fd;s x;s indksa dk fooj.k","o""kZ 2023&24 esa vk;ksftr vf[ky Hkkjrh; iqfyl izfr;ksfxrk esa f[kykfM;ksa }kjk vftZr fd;s x;s indksa dk fooj.k","o""kZ 2023&24 esa vk;ksftr vf[ky Hkkjrh; iqfyl izfr;ksfxrk esa f[kykfM;ksa }kjk vftZr fd;s x;s indksa dk fooj.k"
,,,,,,,
Ø0laa0,izfr;ksfxrk dk uke,[ksy fo/kk okj,Lo.kZ ,jtr,dkaL;,dqy ind,;ksx
1,72oha vf[ky Hkkjrh; iqfyl dq”rh DyLVj izfr;ksfxrk&2023 fnukad 04 ls 08 vDVwcj  e/kqcu¼djuky½ gfj;k.kk,dq'rh,1,1,1,3,21
1,72oha vf[ky Hkkjrh; iqfyl dq”rh DyLVj izfr;ksfxrk&2023 fnukad 04 ls 08 vDVwcj  e/kqcu¼djuky½ gfj;k.kk,HkkjksRrksyu,0,1,0,1,21
1,72oha vf[ky Hkkjrh; iqfyl dq”rh DyLVj izfr;ksfxrk&2023 fnukad 04 ls 08 vDVwcj  e/kqcu¼djuky½ gfj;k.kk,ckfDalx,0,0,1,1,21
1,72oha vf[ky Hkkjrh; iqfyl dq”rh DyLVj izfr;ksfxrk&2023 fnukad 04 ls 08 vDVwcj  e/kqcu¼djuky½ gfj;k.kk,ckWMh fcfYMax,0,1,2,3,21
1,72oha vf[ky Hkkjrh; iqfyl dq”rh DyLVj izfr;ksfxrk&2023 fnukad 04 ls 08 vDVwcj  e/kqcu¼djuky½ gfj;k.kk,vkeZ jsfLyax,2,2,2,6,21
1,72oha vf[ky Hkkjrh; iqfyl dq”rh DyLVj izfr;ksfxrk&2023 fnukad 04 ls 08 vDVwcj  e/kqcu¼djuky½ gfj;k.kk,ikoj fyf¶Vax,3,3,1,7,21
2,12oha vf[ky Hkkjrh; iqfyl vkpZjh izfr;ksfxrk&2023&24 fnukad 30-01-2024 ls 04-02-2024 rd cSxyksj] dukZVd,vkpZjh,3,4,1,8,8
3,"67oha vf[ky Hkkjrh; iqfyl M~;wVhehV izfr;ksfxrk&2023&24 fnukad 12-02-2024 ls 16-02-2024 rd vkj-ih-,Q- y[kuÅ",M~;wVhehV,3,1,,4,4
4,72oha vf[ky Hkkjrh; iqfyl okyhckWy DyLVj izfr;ksfxrk 2023&24 fnukad 26-02-2024 ls 02-03-2024 rd ukxiqj] egkjk’Vª,Vscy Vsful,10,8,9,27,43
4,72oha vf[ky Hkkjrh; iqfyl okyhckWy DyLVj izfr;ksfxrk 2023&24 fnukad 26-02-2024 ls 02-03-2024 rd ukxiqj] egkjk’Vª,ckLdsVcky ¼efgyk½,0,0,1,1,43
4,72oha vf[ky Hkkjrh; iqfyl okyhckWy DyLVj izfr;ksfxrk 2023&24 fnukad 26-02-2024 ls 02-03-2024 rd ukxiqj] egkjk’Vª,lsid Vdjk ¼efgyk½,0,0,1,1,43
4,72oha vf[ky Hkkjrh; iqfyl okyhckWy DyLVj izfr;ksfxrk 2023&24 fnukad 26-02-2024 ls 02-03-2024 rd ukxiqj] egkjk’Vª,"lsid Vdjk ¼iq:""k½",0,0,1,1,43
4,72oha vf[ky Hkkjrh; iqfyl okyhckWy DyLVj izfr;ksfxrk 2023&24 fnukad 26-02-2024 ls 02-03-2024 rd ukxiqj] egkjk’Vª,;ksxk,4,2,7,13,43
5,"23oha vf[ky Hkkjrh; okVj LiksVZ~l izfr;ksfxrk 2023&24 ¼efgyk@iq:""k½
fnukad 2-03-2024 ls 08-03-2024 rd tEew d'ehj] Jhuxj",okVj LiksVZ~l,4,4,1,9,9
6,"23oha vf[ky Hkkjrh; iqfyl cSMfeUVu izfr;ksfxrk 2023&24 
fnukad 17-03-2024 ls 22-03-2024 rd rsyaxkuk] gSnjkckn",cSMfeUVu,3,2,3,8,8
,"25oha vf[ky Hkkjrh; iqfyl 'kwfVax M~;wVhehV izfr;ksfxrk ¼efgyk½ 2024&25
fnukad 15-06-2024 ls 20-06-2024 rd Vªsfuax ls.Vj vksFkhoDde] rfeyukMw", 'kwfVax,1,0,0,1,1
,"09oha vf[ky Hkkjrh; iqfyl twMks DyLVj izfr;ksfxrk ¼efgyk@iq:""k½ 2024&25
fnukad 24-06-2024 ls 30-06-2024 rd vklke",oq'kw,1,1,0,2,2
,"09oha vf[ky Hkkjrh; iqfyl twMks DyLVj izfr;ksfxrk ¼efgyk@iq:""k½ 2024&25
fnukad 24-06-2024 ls 30-06-2024 rd vklke",rkbZDok.Mks,2,1,2,5,5
,"09oha vf[ky Hkkjrh; iqfyl twMks DyLVj izfr;ksfxrk ¼efgyk@iq:""k½ 2024&25
fnukad 24-06-2024 ls 30-06-2024 rd vklke",twMks,1,0,0,1,1
,"09oha vf[ky Hkkjrh; iqfyl twMks DyLVj izfr;ksfxrk ¼efgyk@iq:""k½ 2024&25
fnukad 24-06-2024 ls 30-06-2024 rd vklke",djkVs,,,,,
,"09oha vf[ky Hkkjrh; iqfyl twMks DyLVj izfr;ksfxrk ¼efgyk@iq:""k½ 2024&25
fnukad 24-06-2024 ls 30-06-2024 rd vklke",isapd flykV,,,,,
,,,,,,,
;ksx&,;ksx&,;ksx&,38,31,33,85,102
,,,,,,,
,,,,,,,
09oha vf[ky Hkkjrh; iqfyl twMks DyLVj izfr;ksfxrk esa izkIr fd;s x;s indksa dk la[;kRed fooj.k,09oha vf[ky Hkkjrh; iqfyl twMks DyLVj izfr;ksfxrk esa izkIr fd;s x;s indksa dk la[;kRed fooj.k,09oha vf[ky Hkkjrh; iqfyl twMks DyLVj izfr;ksfxrk esa izkIr fd;s x;s indksa dk la[;kRed fooj.k,09oha vf[ky Hkkjrh; iqfyl twMks DyLVj izfr;ksfxrk esa izkIr fd;s x;s indksa dk la[;kRed fooj.k,09oha vf[ky Hkkjrh; iqfyl twMks DyLVj izfr;ksfxrk esa izkIr fd;s x;s indksa dk la[;kRed fooj.k,09oha vf[ky Hkkjrh; iqfyl twMks DyLVj izfr;ksfxrk esa izkIr fd;s x;s indksa dk la[;kRed fooj.k,09oha vf[ky Hkkjrh; iqfyl twMks DyLVj izfr;ksfxrk esa izkIr fd;s x;s indksa dk la[;kRed fooj.k,
Ø0laa0,izfr;ksfxrk dk uke,[ksy fo/kk okj,Lo.kZ ,jtr,dkaL;,;ksx,
1,"09oha vf[ky Hkkjrh; iqfyl twMks DyLVj izfr;ksfxrk ¼efgyk@iq:""k½ 2024&25
fnukad 24-06-2024 ls 30-06-2024 rd vklke",oq'kw,2,3,0,5,
1,"09oha vf[ky Hkkjrh; iqfyl twMks DyLVj izfr;ksfxrk ¼efgyk@iq:""k½ 2024&25
fnukad 24-06-2024 ls 30-06-2024 rd vklke",rkbZDok.Mks,6,2,3,11,
1,"09oha vf[ky Hkkjrh; iqfyl twMks DyLVj izfr;ksfxrk ¼efgyk@iq:""k½ 2024&25
fnukad 24-06-2024 ls 30-06-2024 rd vklke",twMks,2,0,1,3,
1,"09oha vf[ky Hkkjrh; iqfyl twMks DyLVj izfr;ksfxrk ¼efgyk@iq:""k½ 2024&25
fnukad 24-06-2024 ls 30-06-2024 rd vklke",djkVs,&,&,&,0,
1,"09oha vf[ky Hkkjrh; iqfyl twMks DyLVj izfr;ksfxrk ¼efgyk@iq:""k½ 2024&25
fnukad 24-06-2024 ls 30-06-2024 rd vklke",isapd flykV,1,2,6,9,
;ksx&,;ksx&,;ksx&,11,7,10,28,
,,,,,,,
73oha vf[ky Hkkjrh; iqfyl dq'rh DyLVj izfr;ksfxrk esa izkIr fd;s x;s indksa dk la[;kRed fooj.k,73oha vf[ky Hkkjrh; iqfyl dq'rh DyLVj izfr;ksfxrk esa izkIr fd;s x;s indksa dk la[;kRed fooj.k,73oha vf[ky Hkkjrh; iqfyl dq'rh DyLVj izfr;ksfxrk esa izkIr fd;s x;s indksa dk la[;kRed fooj.k,73oha vf[ky Hkkjrh; iqfyl dq'rh DyLVj izfr;ksfxrk esa izkIr fd;s x;s indksa dk la[;kRed fooj.k,73oha vf[ky Hkkjrh; iqfyl dq'rh DyLVj izfr;ksfxrk esa izkIr fd;s x;s indksa dk la[;kRed fooj.k,73oha vf[ky Hkkjrh; iqfyl dq'rh DyLVj izfr;ksfxrk esa izkIr fd;s x;s indksa dk la[;kRed fooj.k,73oha vf[ky Hkkjrh; iqfyl dq'rh DyLVj izfr;ksfxrk esa izkIr fd;s x;s indksa dk la[;kRed fooj.k,73oha vf[ky Hkkjrh; iqfyl dq'rh DyLVj izfr;ksfxrk esa izkIr fd;s x;s indksa dk la[;kRed fooj.k
Ø0laa0,izfr;ksfxrk dk uke,[ksy fo/kk okj,Lo.kZ ,jtr,dkaL;,dqy ind,;ksx
1,"73oha vf[ky Hkkjrh; iqfyl dq”rh DyLVj izfr;ksfxrk&2024 fnukad 09 ls 13 flrEcj  
vk;kstu LFky&y[kuÅ",dq'rh,8,5,6,19,37
1,"73oha vf[ky Hkkjrh; iqfyl dq”rh DyLVj izfr;ksfxrk&2024 fnukad 09 ls 13 flrEcj  
vk;kstu LFky&y[kuÅ",vkeZ jslfyax,3,2,2,7,37
1,"73oha vf[ky Hkkjrh; iqfyl dq”rh DyLVj izfr;ksfxrk&2024 fnukad 09 ls 13 flrEcj  
vk;kstu LFky&y[kuÅ",ckfDalx,0,3,6,9,37
1,"73oha vf[ky Hkkjrh; iqfyl dq”rh DyLVj izfr;ksfxrk&2024 fnukad 09 ls 13 flrEcj  
vk;kstu LFky&y[kuÅ",ckWMh fcfYMax,0,1,1,2,37
2,"01oha vf[ky Hkkjrh; iqfyl HkkjksRrksyu DyLVj izfr;ksfxrk&2024 fnukad 23 ls 27 flrEcj  
vk;kstu LFky&nqxZ] fHkykbZ",HkkjksRrksyu,2,2,5,9,29
2,"01oha vf[ky Hkkjrh; iqfyl HkkjksRrksyu DyLVj izfr;ksfxrk&2024 fnukad 23 ls 27 flrEcj  
vk;kstu LFky&nqxZ] fHkykbZ",ikoj fyf¶Vax,4,4,1,9,29
2,"01oha vf[ky Hkkjrh; iqfyl HkkjksRrksyu DyLVj izfr;ksfxrk&2024 fnukad 23 ls 27 flrEcj  
vk;kstu LFky&nqxZ] fHkykbZ",;ksxk,3,5,3,11,29
