vf[ky Hkkjrh; iqfyl izfr;ksfxrk esa f[kykfM;ksa }kjk vftZr fd;s x;s indksa dk fooj.k,vf[ky Hkkjrh; iqfyl izfr;ksfxrk esa f[kykfM;ksa }kjk vftZr fd;s x;s indksa dk fooj.k,vf[ky Hkkjrh; iqfyl izfr;ksfxrk esa f[kykfM;ksa }kjk vftZr fd;s x;s indksa dk fooj.k,vf[ky Hkkjrh; iqfyl izfr;ksfxrk esa f[kykfM;ksa }kjk vftZr fd;s x;s indksa dk fooj.k,vf[ky Hkkjrh; iqfyl izfr;ksfxrk esa f[kykfM;ksa }kjk vftZr fd;s x;s indksa dk fooj.k,vf[ky Hkkjrh; iqfyl izfr;ksfxrk esa f[kykfM;ksa }kjk vftZr fd;s x;s indksa dk fooj.k,vf[ky Hkkjrh; iqfyl izfr;ksfxrk esa f[kykfM;ksa }kjk vftZr fd;s x;s indksa dk fooj.k,vf[ky Hkkjrh; iqfyl izfr;ksfxrk esa f[kykfM;ksa }kjk vftZr fd;s x;s indksa dk fooj.k,vf[ky Hkkjrh; iqfyl izfr;ksfxrk esa f[kykfM;ksa }kjk vftZr fd;s x;s indksa dk fooj.k,vf[ky Hkkjrh; iqfyl izfr;ksfxrk esa f[kykfM;ksa }kjk vftZr fd;s x;s indksa dk fooj.k,vf[ky Hkkjrh; iqfyl izfr;ksfxrk esa f[kykfM;ksa }kjk vftZr fd;s x;s indksa dk fooj.k
,,,,,,,,,,
"Ø0
la0",f[kykMh dk izdkj,[ksy fo/kk,"ih,uvks",in o uke,izfr;ksfxrk dk uke,LFkku,fnukad,"o""kZ",Li/kkZ,Iknd
1,2,3,,4,5,,6,7,9,10
1,lkekU;,आर्चरी,&,आ.अमित कुमार सिंह,08वीं अखिल भारतीय पुलिस आर्चरी प्रतियोगिता-2019,"सिलीगुडी, पश्चिम बंगाल",18.11.19 से 23.11.19,2019,इण्डियन राउण्ड 30-50मीटर,रजत
2,lkekU;,आर्चरी,&,म.आ.शिल्पी,08वीं अखिल भारतीय पुलिस आर्चरी प्रतियोगिता-2019,"सिलीगुडी, पश्चिम बंगाल",18.11.19 से 23.11.19,2019,इण्डियन राउण्ड 30-50मीटर,रजत
3,lkekU;,शूटिंग,&,निरीक्षक रंजना गुप्ता,13वीं अखिल भारतीय पुलिस शूटिंग स्पोर्ट्स प्रति.2019,पूणे महाराष्ट्र,13.01.20 से 18.01.20,2020,50मीटर महिला राइफल प्रोन,कांस्य
4,lkekU;,जूडो,&,उ.नि.रॉबिन कनौजिया,आयोजित 04वीं अ.भ. पुलिस जूडो क्लस्टर प्रति.2019, CRPF नई दिल्ली, 03.01.20 से 07.01.20,2020,जिम्नास्टिक,कांस्य
5,lkekU;,जूडो,&,मु.आ. प्रभाष श्रीवास्तव,आयोजित 04वीं अ.भ. पुलिस जूडो क्लस्टर प्रति.2019, CRPF नई दिल्ली, 03.01.20 से 07.01.20,2020,जिम्नास्टिक,रजत
6,lkekU;,जूडो,&,मु.आ.विक्रान्त सिंह,आयोजित 04वीं अ.भ. पुलिस जूडो क्लस्टर प्रति.2019, CRPF नई दिल्ली, 03.01.20 से 07.01.20,2020,जिम्नास्टिक,रजत
7,lkekU;,जूडो,&,मु.आ.मनोहर सिंह,आयोजित 04वीं अ.भ. पुलिस जूडो क्लस्टर प्रति.2019, CRPF नई दिल्ली, 03.01.20 से 07.01.20,2020,जिम्नास्टिक,कांस्य
8,lkekU;,जूडो,&,आ.शैलेष कुमार मिश्रा,आयोजित 04वीं अ.भ. पुलिस जूडो क्लस्टर प्रति.2019, CRPF नई दिल्ली, 03.01.20 से 07.01.20,2020,वुशू (48KG),रजत
9,lkekU;,जूडो,&,म.आ.ज्योतिसना,आयोजित 04वीं अ.भ. पुलिस जूडो क्लस्टर प्रति.2019, CRPF नई दिल्ली, 03.01.20 से 07.01.20,2020,ताइक्वाण्डो (57-62KG),कांस्य
10,lkekU;,बौडमिन्टन,&,म.आ. नन्दनी यादव व म.आ.आरती सिंह पाल,आयोजित 12वीं अखिल भारतीय पुलिस प्रतियोगिता-2019,भोपाल (म.प्र.),03.02.20 से 09.02.20,2020,बौडमिन्टन ( महिला डबल ),कांस्य
11,lkekU;,शूटिंग,&,नायक रवीन्द्र पाल,20वीं अखिल भारतीय पुलिस शूटिंग ड्यूटी मीट-2019,बिहार,10.02.20 से 15.02.20,2020,300 मीटर प्रोन पोजिशन,रजत
12,lkekU;,कुश्ती,&,म.आ.182664274 इन्दू चौधरी,68वीं अखिल भारतीय पुलिस प्रतियोगिता.2019,मधुबन हरियाणा, 24.02.20 से 28.02.20 ,2020,कुश्ती (फ्रीस्टाइल 50KG) महिला,कांस्य
13,lkekU;,कुश्ती,&,म.आ.182664263 साक्षी,68वीं अखिल भारतीय पुलिस प्रतियोगिता.2019,मधुबन हरियाणा,24.02.20 से 28.02.20 ,2020,कुश्ती (फ्रीस्टाइल 55KG) महिला,रजत
14,lkekU;,कुश्ती,&,म.आ.182664250 सीमा पंवार,68वीं अखिल भारतीय पुलिस प्रतियोगिता.2019,मधुबन हरियाणा,24.02.20 से 28.02.20 ,2020,कुश्ती (फ्रीस्टाइल 59KG) महिला,कांस्य
15,lkekU;,कुश्ती,&,म.आ.182664335 नीलम तोमर,68वीं अखिल भारतीय पुलिस प्रतियोगिता.2019,मधुबन हरियाणा,24.02.20 से 28.02.20 ,2020,कुश्ती (फ्रीस्टाइल 76KG) महिला,कांस्य
16,lkekU;,भारोत्तोलन,&,आ.182492828 बृजेश कुमार,68वीं अखिल भारतीय पुलिस प्रतियोगिता.2019,मधुबन हरियाणा,24.02.20 से 28.02.20 ,2020,भारोत्तोलन (81KG ),कांस्य
17,lkekU;,,&,आ.152243502 विक्की,68वीं अखिल भारतीय पुलिस प्रतियोगिता.2019,मधुबन हरियाणा,24.02.20 से 28.02.20 ,2020,बॉक्सिंग (91KG),कांस्य
18,lkekU;,एथलेटिक्स,&,आ. कृष्ण कुमार पटेल,68वीं अखिल भारतीय पुलिस एथलेटिक्स चैम्पियनशिप-2019,हरियाणा,03.03.20 से 07.03.20,2020,जैबलिंग थ्रो,रजत
19,lkekU;,ड्यूटी मीट,&,उ.नि.शिवाजी दुबे,अखिल भारती पुलिस इक्वेस्टीरियन & माउन्टेड पुलिस ड्यूटी मीट-2019, गुरूग्राम हरियाणा,05.02.20 से 14.02.20,2020,क्वाड्रिल,स्वर्ण
20,lkekU;,ड्यूटी मीट,&,उ.नि. MP दिलाशाद अहमद,अखिल भारती पुलिस इक्वेस्टीरियन & माउन्टेड पुलिस ड्यूटी मीट-2019, गुरूग्राम हरियाणा,05.02.20 से 14.02.20,2020,क्वाड्रिल,स्वर्ण
21,lkekU;,ड्यूटी मीट,&,HC MP जुगेन्द्र सिंह,अखिल भारती पुलिस इक्वेस्टीरियन & माउन्टेड पुलिस ड्यूटी मीट-2019, गुरूग्राम हरियाणा,05.02.20 से 14.02.20,2020,क्वाड्रिल,स्वर्ण
22,lkekU;,ड्यूटी मीट,&,HC MP राज नरेश,अखिल भारती पुलिस इक्वेस्टीरियन & माउन्टेड पुलिस ड्यूटी मीट-2019, गुरूग्राम हरियाणा,05.02.20 से 14.02.20,2020,क्वाड्रिल,स्वर्ण
23,lkekU;,ड्यूटी मीट,&,HC MP भगवान सिंह,अखिल भारती पुलिस इक्वेस्टीरियन & माउन्टेड पुलिस ड्यूटी मीट-2019, गुरूग्राम हरियाणा,05.02.20 से 14.02.20,2020,क्वाड्रिल,कांस्य
24,lkekU;,ड्यूटी मीट,&,RIMP श्री प्रेम बाबू,40वीं अखिल भारती पुलिस इक्वेस्टीरियन & माउन्टेड पुलिस ड्यूटी मीट 2021-22,हरियाणा,02.04.22 से 11.04.22,2022,क्वाड्रिल,कांस्य
25,lkekU;,ड्यूटी मीट,&,RIMP श्री प्रेम बाबू,40वीं अखिल भारती पुलिस इक्वेस्टीरियन & माउन्टेड पुलिस ड्यूटी मीट 2021-22,हरियाणा,02.04.22 से 11.04.22,2022,मिडिले रिले टेन्टपैगिंग,रजत
26,lkekU;,ड्यूटी मीट,&,SIMP श्री भगवान सिंह,40वीं अखिल भारती पुलिस इक्वेस्टीरियन & माउन्टेड पुलिस ड्यूटी मीट 2021-22,हरियाणा,02.04.22 से 11.04.22,2022,क्वाड्रिल,कांस्य
27,lkekU;,ड्यूटी मीट,&,SIMP श्री भगवान सिंह,40वीं अखिल भारती पुलिस इक्वेस्टीरियन & माउन्टेड पुलिस ड्यूटी मीट 2021-22,हरियाणा,02.04.22 से 11.04.22,2022,मिडिले रिले टेन्टपैगिंग,रजत
28,lkekU;,ड्यूटी मीट,&,HCMP श्री राज नरेश,40वीं अखिल भारती पुलिस इक्वेस्टीरियन & माउन्टेड पुलिस ड्यूटी मीट 2021-22,हरियाणा,02.04.22 से 11.04.22,2022,क्वाड्रिल,कांस्य
29,lkekU;,ड्यूटी मीट,&,HCMP श्री राज नरेश,40वीं अखिल भारती पुलिस इक्वेस्टीरियन & माउन्टेड पुलिस ड्यूटी मीट 2021-22,हरियाणा,02.04.22 से 11.04.22,2022,मिडिले रिले टेन्टपैगिंग,रजत
30,lkekU;,ड्यूटी मीट,&,SIMP श्री दिलशाद अहमद,40वीं अखिल भारती पुलिस इक्वेस्टीरियन & माउन्टेड पुलिस ड्यूटी मीट 2021-22,हरियाणा,02.04.22 से 11.04.22,2022,क्वाड्रिल,कांस्य
31,lkekU;,ड्यूटी मीट,&,सईस श्री भारत सिंह,40वीं अखिल भारती पुलिस इक्वेस्टीरियन & माउन्टेड पुलिस ड्यूटी मीट 2021-22,हरियाणा,02.04.22 से 11.04.22,2022,सईस कम्पटीशन,कांस्य
32,lkekU;,तैराकी एवं क्रॉसकन्ट्री,&,आ. बलराम,71वीं अखिल भारतीय पुलिस तैराकी एवं क्रॉसकन्ट्री प्रतियोगिता-2022, तिरूवनन्तपुरम (केरल),17.08.22 से 21.08.22,2022,क्रॉसकन्ट्री (10किलो मीटर ),रजत
33,dq-f[k-,जूडो क्लस्टर,&,कु.खि. मु.आ. प्रभास श्रीवास्तव,07वीं अखिल भारतीय पुलिस जूडो क्लस्टर प्रतियोगिता-2022,नई दिल्ली,19.09.22 से 24.09.22,2022,जिम्नास्टिक (फ्लोर),रजत
34,dq-f[k-,जूडो क्लस्टर,&,कु.खि. उ.नि. रॉबिन कनौजिया,07वीं अखिल भारतीय पुलिस जूडो क्लस्टर प्रतियोगिता-2022,नई दिल्ली,19.09.22 से 24.09.22,2022,जिम्नास्टिक ( हॉरिजेंटल बार ),कांस्य
35,lkekU;,जूडो क्लस्टर,&,आ. रामू सिसौदिया,07वीं अखिल भारतीय पुलिस जूडो क्लस्टर प्रतियोगिता-2022,"IG STADIUM 
नई दिल्ली",19.09.22 से 24.09.22,2022,वुशू  ( 48KG साण्डा ),कांस्य
36,lkekU;,जूडो क्लस्टर,&,आ.चन्द्रकान्त गिरि,07वीं अखिल भारतीय पुलिस जूडो क्लस्टर प्रतियोगिता-2022,"IG STADIUM 
नई दिल्ली",19.09.22 से 24.09.22,2022,वुशू  ( 52KG साण्डा ),कांस्य
37,lkekU;,जूडो क्लस्टर,&,आ. देवेन्द्र,07वीं अखिल भारतीय पुलिस जूडो क्लस्टर प्रतियोगिता-2022,"IG STADIUM 
नई दिल्ली",19.09.22 से 24.09.22,2022,वुशू  ( 80KG साण्डा ),कांस्य
38,lkekU;,जूडो क्लस्टर,&,आ.शमशेर अली,07वीं अखिल भारतीय पुलिस जूडो क्लस्टर प्रतियोगिता-2022,"IG STADIUM 
नई दिल्ली",19.09.22 से 24.09.22,2022,वुशू  ( 85KG साण्डा ),कांस्य
39,lkekU;,जूडो क्लस्टर,&,कु.खि.शैलेष कुमार मिश्रा,07वीं अखिल भारतीय पुलिस जूडो क्लस्टर प्रतियोगिता-2022,"IG STADIUM 
नई दिल्ली",19.09.22 से 24.09.22,2022,पेंचक सिलाट ( 45-50KG ),कांस्य
40,lkekU;,जूडो क्लस्टर,&,आ. विनीत यादव,07वीं अखिल भारतीय पुलिस जूडो क्लस्टर प्रतियोगिता-2022,"IG STADIUM 
नई दिल्ली",19.09.22 से 24.09.22,2022,पेंचक सिलाट ( 70-75KG ),कांस्य
41,lkekU;,जूडो क्लस्टर,&,आ.सुनील डागर,07वीं अखिल भारतीय पुलिस जूडो क्लस्टर प्रतियोगिता-2022,"IG STADIUM 
नई दिल्ली",19.09.22 से 24.09.22,2022,पेंचक सिलाट ( 90-95KG ),कांस्य
42,lkekU;,जूडो क्लस्टर,&,म.आ. डोली,07वीं अखिल भारतीय पुलिस जूडो क्लस्टर प्रतियोगिता-2022,"IG STADIUM 
नई दिल्ली",19.09.22 से 24.09.22,2022,पेंचक सिलाट ( 50-55KG ),कांस्य
43,lkekU;,जूडो क्लस्टर,&,म.आ.अमिता सिंह,07वीं अखिल भारतीय पुलिस जूडो क्लस्टर प्रतियोगिता-2022,"IG STADIUM 
नई दिल्ली",19.09.22 से 24.09.22,2022,ताइक्वाण्डो ( 49KG ),कांस्य
44,lkekU;,जूडो क्लस्टर,&,म.आ.नेहा यादव,07वीं अखिल भारतीय पुलिस जूडो क्लस्टर प्रतियोगिता-2022,"IG STADIUM 
नई दिल्ली",19.09.22 से 24.09.22,2022,ताइक्वाण्डो ( 49-53KG ),कांस्य
45,dq-f[k-,कुश्ती क्लस्टर,&,कु.खि.म.आ.सीमा,71वीं अखिल भारतीय पुलिस कुश्ती क्लस्टर प्रतियोगिता-2022,पूणे महाराष्ट्र,14.11.22 से 20.11.22,2022,कुश्ती (फ्री स्टाइल) महिला,रजत
46,lkekU;,कुश्ती क्लस्टर,&,आ. राजीव,71वीं अखिल भारतीय पुलिस कुश्ती क्लस्टर प्रतियोगिता-2022,पूणे महाराष्ट्र,14.11.22 से 20.11.22,2022,आर्म रेसलिंग ( 60KG ),स्वर्ण
47,lkekU;,कुश्ती क्लस्टर,&,आ.अनुज भाटी,71वीं अखिल भारतीय पुलिस कुश्ती क्लस्टर प्रतियोगिता-2022,पूणे महाराष्ट्र,14.11.22 से 20.11.22,2022,आर्म रेसलिंग ( 70KG ),कांस्य
48,lkekU;,कुश्ती क्लस्टर,&,आ.विकास नागर,71वीं अखिल भारतीय पुलिस कुश्ती क्लस्टर प्रतियोगिता-2022,पूणे महाराष्ट्र,14.11.22 से 20.11.22,2022,आर्म रेसलिंग ( 110KG ),रजत
49,lkekU;,कुश्ती क्लस्टर,&,म.आ.दीपा चौधरी,71वीं अखिल भारतीय पुलिस कुश्ती क्लस्टर प्रतियोगिता-2022,पूणे महाराष्ट्र,14.11.22 से 20.11.22,2022,आर्म रेसलिंग ( 80KG ),स्वर्ण
50,lkekU;,कुश्ती क्लस्टर,&,आ.राघवेन्द्र सिंह,71वीं अखिल भारतीय पुलिस कुश्ती क्लस्टर प्रतियोगिता-2022,पूणे महाराष्ट्र,14.11.22 से 20.11.22,2022,भारोत्तोलन ( 55KG ),कांस्य
51,lkekU;,कुश्ती क्लस्टर,&,आ.बृजेश कुमार,71वीं अखिल भारतीय पुलिस कुश्ती क्लस्टर प्रतियोगिता-2022,पूणे महाराष्ट्र,14.11.22 से 20.11.22,2022,भारोत्तोलन ( 81KG ),स्वर्ण
52,lkekU;,कुश्ती क्लस्टर,&,म.आ.सोनम शर्मा,71वीं अखिल भारतीय पुलिस कुश्ती क्लस्टर प्रतियोगिता-2022,पूणे महाराष्ट्र,14.11.22 से 20.11.22,2022,भारोत्तोलन ( 45KG ),कांस्य
53,lkekU;,कुश्ती क्लस्टर,&,आ. कतर भाटी,71वीं अखिल भारतीय पुलिस कुश्ती क्लस्टर प्रतियोगिता-2022,पूणे महाराष्ट्र,14.11.22 से 20.11.22,2022,पॉवर लिफ्टिंग ( 66KG ),रजत
54,lkekU;,कुश्ती क्लस्टर,&,आ.शुभम मलिक,71वीं अखिल भारतीय पुलिस कुश्ती क्लस्टर प्रतियोगिता-2022,पूणे महाराष्ट्र,14.11.22 से 20.11.22,2022,पॉवर लिफ्टिंग ( 74KG ),रजत
55,lkekU;,कुश्ती क्लस्टर,&,आ.विशाल चौधरी,71वीं अखिल भारतीय पुलिस कुश्ती क्लस्टर प्रतियोगिता-2022,पूणे महाराष्ट्र,14.11.22 से 20.11.22,2022,पॉवर लिफ्टिंग ( 83KG ),स्वर्ण
56,lkekU;,कुश्ती क्लस्टर,&,म.आ.दामिनी अग्रवाल,71वीं अखिल भारतीय पुलिस कुश्ती क्लस्टर प्रतियोगिता-2022,पूणे महाराष्ट्र,14.11.22 से 20.11.22,2022,पॉवर लिफ्टिंग ( 47KG ),कांस्य
57,lkekU;,कुश्ती क्लस्टर,&,म.आ.नीरज,71वीं अखिल भारतीय पुलिस कुश्ती क्लस्टर प्रतियोगिता-2022,पूणे महाराष्ट्र,14.11.22 से 20.11.22,2022,पॉवर लिफ्टिंग ( 63KG ),स्वर्ण
58,lkekU;,कुश्ती क्लस्टर,&,म.आ.प्रियंका शुक्ला,71वीं अखिल भारतीय पुलिस कुश्ती क्लस्टर प्रतियोगिता-2022,पूणे महाराष्ट्र,14.11.22 से 20.11.22,2022,पॉवर लिफ्टिंग ( 72KG ),स्वर्ण
59,lkekU;,कुश्ती क्लस्टर,&,म.आ.पल्लवी,71वीं अखिल भारतीय पुलिस कुश्ती क्लस्टर प्रतियोगिता-2022,पूणे महाराष्ट्र,14.11.22 से 20.11.22,2022,पॉवर लिफ्टिंग ( 84KG ),स्वर्ण
60,lkekU;,आर्चरी,&,आ.मनोज कुमार,"11वीं अखिल भारतीय पुलिस आर्चरी 
प्रतियोगिता-2022","देहरादून  
( उत्तराखण्ड )",14.12.22 से 18.12.22,2022,आर्चरी ( इण्डियन राउण्ड 30 मीटर ),रजत
61,lkekU;,आर्चरी,&,आ.जयदीप कुशवाहा,"11वीं अखिल भारतीय पुलिस आर्चरी 
प्रतियोगिता-2022","देहरादून  
( उत्तराखण्ड )",14.12.22 से 18.12.22,2022,आर्चरी ( इण्डियन राउण्ड 50 मीटर ),रजत
62,lkekU;,आर्चरी,&,आ.जयदीप कुशवाहा,"11वीं अखिल भारतीय पुलिस आर्चरी 
प्रतियोगिता-2022","देहरादून  
( उत्तराखण्ड )",14.12.22 से 18.12.22,2022,आर्चरी ( इण्डियन राउण्ड मेन 50+30मीटर )ओवर ऑल,रजत
63,lkekU;,आर्चरी,&,आ.जयदीप कुशवाहा,"11वीं अखिल भारतीय पुलिस आर्चरी 
प्रतियोगिता-2022","देहरादून  
( उत्तराखण्ड )",14.12.22 से 18.12.22,2022,आर्चरी ( ओलम्पिक राउण्ड ),रजत
64,lkekU;,आर्चरी,&,म.आ.अनीता पौडवाल,"11वीं अखिल भारतीय पुलिस आर्चरी 
प्रतियोगिता-2022","देहरादून  
( उत्तराखण्ड )",14.12.22 से 18.12.22,2022,आर्चरी ( रिकर्व/इण्डियन ) 60मीटर,रजत
65,lkekU;,आर्चरी,&,म.आ.अनीता पौडवाल,"11वीं अखिल भारतीय पुलिस आर्चरी 
प्रतियोगिता-2022","देहरादून  
( उत्तराखण्ड )",14.12.22 से 18.12.22,2022,आर्चरी ( रिकर्व ) ऑलओवर,कांस्य
66,lkekU;,आर्चरी,&,"आ.जयदीप कुशवाहा, म.आ.प्रीती चौधरी","11वीं अखिल भारतीय पुलिस आर्चरी 
प्रतियोगिता-2022","देहरादून  
( उत्तराखण्ड )",14.12.22 से 18.12.22,2022,आर्चरी ( इण्डियन राउण्ड 50 मीटर ),स्वर्ण
67,lkekU;,ड्यूटी मीट,&,CMP विजय सिंह,41वीं अखिल भारती पुलिस इक्वेस्टीरियन & माउन्टेड पुलिस ड्यूटी मीट 2021-22,टेकनपुर ग्वालियर,14.11.22 से 26.00.22,2022,SHOW JUMPING PRE LIMENARY FAULT AND OUT RESULT,कांस्य
68,lkekU;,ड्यूटी मीट,&,CMP हिमांशू कुमार,41वीं अखिल भारती पुलिस इक्वेस्टीरियन & माउन्टेड पुलिस ड्यूटी मीट 2021-22,टेकनपुर ग्वालियर,14.11.22 से 26.00.22,2022,SHOW JUMPING NGO UNDER TRAINEES,स्वर्ण
69,lkekU;,लॉन टेनिस,&,DIG श्री आकाश कुलहरि,23वीं लॉन टेनिस चैम्पियनशिप-2022,टेनिस स्टेडियम दिल्ली ,15.11.22 से 18.11.22 ,2022,मेन्स ओपन,स्वर्ण
70,lkekU;, टेबल टेनिस,&,आ.राहुल चौधरी,71वीं अखिल भारतीय पुलिस वॉलीबाल क्लस्टर प्रतियोगिता-2022,जालंधर पंजाब,10.12.22 से 15.12.22,2022,( टेबल टेनिस )  मेन्स सिंगल,रजत
71,lkekU;, टेबल टेनिस,&,उ.नि. ओम कुमारी,71वीं अखिल भारतीय पुलिस वॉलीबाल क्लस्टर प्रतियोगिता-2022,जालंधर पंजाब,10.12.22 से 15.12.22,2022,( टेबल टेनिस )  वूमेन्स सिंगल,रजत
72,lkekU;, टेबल टेनिस,&,"DYSP देवेन्द्र सिंह भदौरिया, PC महेश चन्द्र पाण्डेय, आ.राहुल चौधरी, आ.अमनदीप, आ.शर्वोश शुक्ला",71वीं अखिल भारतीय पुलिस वॉलीबाल क्लस्टर प्रतियोगिता-2022,जालंधर पंजाब,10.12.22 से 15.12.22,2022,( टेबल टेनिस )  पुरूष टीम चैम्पियनशिप,कांस्य
73,lkekU;, टेबल टेनिस,&,"DYSP देवेन्द्र सिंह भदौरिया, आ.राहुल चौधरी",71वीं अखिल भारतीय पुलिस वॉलीबाल क्लस्टर प्रतियोगिता-2022,जालंधर पंजाब,10.12.22 से 15.12.22,2022,( टेबल टेनिस )  पुरूष डबल्स,कांस्य
74,lkekU;, टेबल टेनिस,&,"उ.नि. ओम कुमारी, म.आ.रोमी, म.आ.प्रियंका, म.आ.विक्की कुमारी, म.आ.शिखा शर्मा",71वीं अखिल भारतीय पुलिस वॉलीबाल क्लस्टर प्रतियोगिता-2022,जालंधर पंजाब,10.12.22 से 15.12.22,2022,( टेबल टेनिस )  महीला टीम चैम्पियनशिप,स्वर्ण
75,lkekU;, टेबल टेनिस,&,"म.आ.रोमी, म.आ.प्रियंका",71वीं अखिल भारतीय पुलिस वॉलीबाल क्लस्टर प्रतियोगिता-2022,जालंधर पंजाब,10.12.22 से 15.12.22,2022,( टेबल टेनिस )  महिला डबल्स,स्वर्ण
76,lkekU;, टेबल टेनिस,&,"उ.नि. ओम कुमारी, म.आ.विक्की कुमारी",71वीं अखिल भारतीय पुलिस वॉलीबाल क्लस्टर प्रतियोगिता-2022,जालंधर पंजाब,10.12.22 से 15.12.22,2022,( टेबल टेनिस )  महिला डबल्स,कांस्य
77,lkekU;, टेबल टेनिस,&,"आ.राहुल चौधरी, म.आ.रोमी",71वीं अखिल भारतीय पुलिस वॉलीबाल क्लस्टर प्रतियोगिता-2022,जालंधर पंजाब,10.12.22 से 15.12.22,2022,( टेबल टेनिस )  मिक्स डबल्स,स्वर्ण
78,lkekU;, टेबल टेनिस,&,"PC महेश चन्द्र पाण्डेय, उ.नि. ओम कुमारी",71वीं अखिल भारतीय पुलिस वॉलीबाल क्लस्टर प्रतियोगिता-2022,जालंधर पंजाब,10.12.22 से 15.12.22,2022,( टेबल टेनिस )  मिक्स डबल्स,रजत
79,lkekU;, टेबल टेनिस,&,"DYSP देवेन्द्र सिंह भदौरिया, म.आ.प्रियंका",71वीं अखिल भारतीय पुलिस वॉलीबाल क्लस्टर प्रतियोगिता-2022,जालंधर पंजाब,10.12.22 से 15.12.22,2022,( टेबल टेनिस )  मिक्स डबल्स,कांस्य
80,lkekU;,सेपक टकरा,&,"आ.रजनीस कुमार, आ.मोहित कुमार गोस्वामी, आ.विनय कुमार यादव, आ.उदय प्रताप,  आ.कुल्दीप विश्वकर्मा, आ.किरन कुमार पटेल, आ.अमित कुमार, आ.आदित्य नेगी, आ.राहुल कुमार वाल्मीकी, आ.हरीश कुमार मिश्रा, आ.अमित सिंह, आ.पंकज कुमार तिवारी, आ.राहुल सरोज, आ.अफजल खॉन, आ.संदीप गर्सा, ",71वीं अखिल भारतीय पुलिस वॉलीबाल क्लस्टर प्रतियोगिता-2022,जालंधर पंजाब,10.12.22 से 15.12.22,2022,सेपक टकरा ( टीम ईवेन्ट ),कांस्य
81,lkekU;,सेपक टकरा,&,"आ.मोहित कुमार गोस्वामी, आ.विनय कुमार यादव, आ.अमित कुमार, आ.आदित्य नेगी, आ.राहुल कुमार वाल्मीकी",71वीं अखिल भारतीय पुलिस वॉलीबाल क्लस्टर प्रतियोगिता-2022,जालंधर पंजाब,10.12.22 से 15.12.22,2022,सेपक टकरा ( रेग्यू  ईवेन्ट ),कांस्य
82,lkekU;,योगा,&,मु.आ.हरिओम सिंह,71वीं अखिल भारतीय पुलिस वॉलीबाल क्लस्टर प्रतियोगिता-2022,जालंधर पंजाब,10.12.22 से 15.12.22,2022,योगा ( ट्रेडिशनल योगाशन सीनियर ) 46-55,कांस्य
83,lkekU;,योगा,&,आ.किशन कुमार,71वीं अखिल भारतीय पुलिस वॉलीबाल क्लस्टर प्रतियोगिता-2022,जालंधर पंजाब,10.12.22 से 15.12.22,2022,योगा ( ट्रेडिशनल योगाशन सीनियर ) 28-35,स्वर्ण
84,lkekU;,योगा,&,आ.राजकुमार बिन्द,71वीं अखिल भारतीय पुलिस वॉलीबाल क्लस्टर प्रतियोगिता-2022,जालंधर पंजाब,10.12.22 से 15.12.22,2022,योगा ( ट्रेडिशनल योगाशन सीनियर ) 18-27,रजत
85,lkekU;,योगा,&,आ.किशन कुमार,71वीं अखिल भारतीय पुलिस वॉलीबाल क्लस्टर प्रतियोगिता-2022,जालंधर पंजाब,10.12.22 से 15.12.22,2022,योगा ( आरटिस्टिक योगाशन ) सिंगल 18-35,रजत
86,lkekU;,योगा,&,"आ.राजकुमार बिन्द, आ.किशन कुमार",71वीं अखिल भारतीय पुलिस वॉलीबाल क्लस्टर प्रतियोगिता-2022,जालंधर पंजाब,10.12.22 से 15.12.22,2022,योगा ( आरटिस्टिक योगाशन ) पेयर 18-35,रजत
87,lkekU;,योगा,&,"आ.अनुराग मलिक, आ.बृजेश प्रधान",71वीं अखिल भारतीय पुलिस वॉलीबाल क्लस्टर प्रतियोगिता-2022,जालंधर पंजाब,10.12.22 से 15.12.22,2022,योगा ( रिदमिक योगाशन ) पेयर 18-35,कांस्य
88,lkekU;,योगा,&,"आ.राजकुमार बिन्द, आ.किशन कुमार, आ.अनुराग मलिक, आ.बृजेश प्रधान, आ.सुमित कुमार",71वीं अखिल भारतीय पुलिस वॉलीबाल क्लस्टर प्रतियोगिता-2022,जालंधर पंजाब,10.12.22 से 15.12.22,2022,योगा ( आरटिस्टिक योगाशन ) ग्रुप 18-35,रजत
89,lkekU;,शूटिंग,&,दलनायक जयचन्द्र शर्मा,23वीं अखिल भारतीय पुलिस शूटिंग ड्यूटी मीट-2022-23,तमिलनाडू,09.01.23 से 13.01.23,2023,स्नैप शूटिंग 50 यार्ड कार्बाइन,dkaL;
90,lkekU;,बैडमिन्टन,&,म.आ.नन्दनी यादव,15वीं अखिल भारतीय पुलिस बैडमिन्टन प्रतियोगिता-2022-23,चण्डीगढ,20.02.23 से 26.02.23,2023,व्यक्तिगत,Lo.kZ
91,lkekU;,बैडमिन्टन,&,म.आ.आरती सिंह पाल,15वीं अखिल भारतीय पुलिस बैडमिन्टन प्रतियोगिता-2022-23,चण्डीगढ,20.02.23 से 26.02.23,2023,व्यक्तिगत,dkaL;
92,lkekU;,बैडमिन्टन,&,"म.आ.नन्दनी यादव, म.आ.आरती सिंह पाल",15वीं अखिल भारतीय पुलिस बैडमिन्टन प्रतियोगिता-2022-23,चण्डीगढ,20.02.23 से 26.02.23,2023,महिला डबल्स,Lo.kZ
93,lkekU;,बैडमिन्टन,&,"म.आ.नन्दनी यादव, आ. निकेन्द्र मलिक",15वीं अखिल भारतीय पुलिस बैडमिन्टन प्रतियोगिता-2022-23,चण्डीगढ,20.02.23 से 26.02.23,2023,मिक्स डबल्स,Lo.kZ
94,lkekU;,बैडमिन्टन,&,"म.आ.आरती सिंह पाल, आ.विनय पाण्डेय",15वीं अखिल भारतीय पुलिस बैडमिन्टन प्रतियोगिता-2022-23,चण्डीगढ,20.02.23 से 26.02.23,2023,मिक्स डबल्स,dkaL;
95,lkekU;,एथलेटिक्स,&,म.आ.रश्मी,71वीं अखिल भारतीय पुलिस एथलेटिक्स क्लस्टर प्रतियोगिता2022-23,लखनऊ,21.03.23 से 25.03.23,2023,एथलेटिक्स ( पोल वॉल्ट ),dkaL;
96,lkekU;,साइक्लिंग,&,आ.अभिजीत कुमार,71वीं अखिल भारतीय पुलिस एथलेटिक्स क्लस्टर प्रतियोगिता2022-23,लखनऊ,21.03.23 से 25.03.23,2023,साइक्लिंग ( 20KM Mass Start on Indian Cycle ),jtr
97,lkekU;,dq'rh,&,e-eq-vk- bUnw pkS/kjh,72oha vf[ky Hkkjrh; iqfyl dq”rh DyLVj izfr;ksfxrk&2023 , e/kqcu ¼djuky½ gfj;k.kk,fnukad 04 ls 08 vDVwcj 2023,2023,50fdxzk-,jtr
98,dq-f[k-,dq'rh,&,e-vk- lk{kh,72oha vf[ky Hkkjrh; iqfyl dq”rh DyLVj izfr;ksfxrk&2023 , e/kqcu ¼djuky½ gfj;k.kk,fnukad 04 ls 08 vDVwcj 2023,2023,62fdxzk,Lo.kZ
99,dq-f[k-,dq'rh,&,e-vk- lhek,72oha vf[ky Hkkjrh; iqfyl dq”rh DyLVj izfr;ksfxrk&2023 , e/kqcu ¼djuky½ gfj;k.kk,fnukad 04 ls 08 vDVwcj 2023,2023,65fdxzk,dkaL;
100,lkekU;,HkkjksRrksyu,&,vk- c`ts”k dqekj,72oha vf[ky Hkkjrh; iqfyl dq”rh DyLVj izfr;ksfxrk&2023 , e/kqcu ¼djuky½ gfj;k.kk,fnukad 04 ls 08 vDVwcj 2023,2023,89fdxzk-,jtr
101,lkekU;,ckfDalx,&,vk- fou; pkS/kjh,72oha vf[ky Hkkjrh; iqfyl dq”rh DyLVj izfr;ksfxrk&2023 , e/kqcu ¼djuky½ gfj;k.kk,fnukad 04 ls 08 vDVwcj 2023,2023,60&63-5fdxzk,dkaL;
102,lkekU;,ckMh fcfYMax,&,vk- f”koe eku,72oha vf[ky Hkkjrh; iqfyl dq”rh DyLVj izfr;ksfxrk&2023 , e/kqcu ¼djuky½ gfj;k.kk,fnukad 04 ls 08 vDVwcj 2023,2023,upto 100 fdxzk-,dkaL;
103,lkekU;,ckMh fcfYMax,&,eq-vk- lanhi pkS/kjh,72oha vf[ky Hkkjrh; iqfyl dq”rh DyLVj izfr;ksfxrk&2023 , e/kqcu ¼djuky½ gfj;k.kk,fnukad 04 ls 08 vDVwcj 2023,2023,upto 90 fdxzk-,jtr
104,lkekU;,ckMh fcfYMax,&,vk- fjadw HkkVh,72oha vf[ky Hkkjrh; iqfyl dq”rh DyLVj izfr;ksfxrk&2023 , e/kqcu ¼djuky½ gfj;k.kk,fnukad 04 ls 08 vDVwcj 2023,2023,upto 90 fdxzk-,dkaL;
105,lkekU;,vkeZ jsfLyax,&,vk- jktho,72oha vf[ky Hkkjrh; iqfyl dq”rh DyLVj izfr;ksfxrk&2023 , e/kqcu ¼djuky½ gfj;k.kk,fnukad 04 ls 08 vDVwcj 2023,2023,55fdxzk,jtr
106,lkekU;,vkeZ jsfLyax,&,vk fodkl ukxj,72oha vf[ky Hkkjrh; iqfyl dq”rh DyLVj izfr;ksfxrk&2023 , e/kqcu ¼djuky½ gfj;k.kk,fnukad 04 ls 08 vDVwcj 2023,2023,110fdxzk-,Lo.kZ
107,lkekU;,vkeZ jsfLyax,&,vk- vfouk”k nqcs,72oha vf[ky Hkkjrh; iqfyl dq”rh DyLVj izfr;ksfxrk&2023 , e/kqcu ¼djuky½ gfj;k.kk,fnukad 04 ls 08 vDVwcj 2023,2023,75fdxzk-,dkaL;
108,lkekU;,vkeZ jsfLyax,&,vk- jkgqy dqekj,72oha vf[ky Hkkjrh; iqfyl dq”rh DyLVj izfr;ksfxrk&2023 , e/kqcu ¼djuky½ gfj;k.kk,fnukad 04 ls 08 vDVwcj 2023,2023,90fdxzk-,jtr 
109,lkekU;,vkeZ jsfLyax,&,e-vk- :fp pkSgku,72oha vf[ky Hkkjrh; iqfyl dq”rh DyLVj izfr;ksfxrk&2023 , e/kqcu ¼djuky½ gfj;k.kk,fnukad 04 ls 08 vDVwcj 2023,2023,50fdxzk-,dkaL;
110,lkekU;,vkeZ jsfLyax,&,e-vk- nhik pkS/kjh,72oha vf[ky Hkkjrh; iqfyl dq”rh DyLVj izfr;ksfxrk&2023 , e/kqcu ¼djuky½ gfj;k.kk,fnukad 04 ls 08 vDVwcj 2023,2023,$80fdxzk-,Lo.kZ
111,lkekU;,ikoj fyf¶Vax,&,vk- iou dqekj “kekZ,72oha vf[ky Hkkjrh; iqfyl dq”rh DyLVj izfr;ksfxrk&2023 , e/kqcu ¼djuky½ gfj;k.kk,fnukad 04 ls 08 vDVwcj 2023,2023,66fdxzk-,Lo.kZ
112,lkekU;,ikoj fyf¶Vax,&,vk- “kqHke efyd ,72oha vf[ky Hkkjrh; iqfyl dq”rh DyLVj izfr;ksfxrk&2023 , e/kqcu ¼djuky½ gfj;k.kk,fnukad 04 ls 08 vDVwcj 2023,2023,74fdxzk,Lo.kZ
113,lkekU;,ikoj fyf¶Vax,&,vk- fo”kky pkS/kjh,72oha vf[ky Hkkjrh; iqfyl dq”rh DyLVj izfr;ksfxrk&2023 , e/kqcu ¼djuky½ gfj;k.kk,fnukad 04 ls 08 vDVwcj 2023,2023,83 fdxzk-,Lo.kZ
114,lkekU;,ikoj fyf¶Vax,&,vk0 lkSjo pkS/kjh,72oha vf[ky Hkkjrh; iqfyl dq”rh DyLVj izfr;ksfxrk&2023 , e/kqcu ¼djuky½ gfj;k.kk,fnukad 04 ls 08 vDVwcj 2023,2023,120fdxzk- ,jtr 
115,lkekU;,ikoj fyf¶Vax,&,e-vk- “khry ijekj,72oha vf[ky Hkkjrh; iqfyl dq”rh DyLVj izfr;ksfxrk&2023 , e/kqcu ¼djuky½ gfj;k.kk,fnukad 04 ls 08 vDVwcj 2023,2023,47fdxzk-,dkaL;
116,lkekU;,ikoj fyf¶Vax,&,e-vk- ljyk tknkSu,72oha vf[ky Hkkjrh; iqfyl dq”rh DyLVj izfr;ksfxrk&2023 , e/kqcu ¼djuky½ gfj;k.kk,fnukad 04 ls 08 vDVwcj 2023,2023,52fdxzk- ,jtr 
117,lkekU;,ikoj fyf¶Vax,&,e-vk- nh{kk xqIrk,72oha vf[ky Hkkjrh; iqfyl dq”rh DyLVj izfr;ksfxrk&2023 , e/kqcu ¼djuky½ gfj;k.kk,fnukad 04 ls 08 vDVwcj 2023,2023,63fdxzk-,jtr
118,dq-f[k-,vkpZjh,&,रि.आ. श्रेय भारद्वाज,12oha vf[ky Hkkjrh; iqfyl vkpZjh izfr;ksfxrk&2023&24,cSxyksj] dukZVd,30-01-2024 ls 04-02-2024,2024,रिकर्व 70 मीटर दूरी,Lo.kZ
119,dq-f[k-,vkpZjh,&,रि.आ. अनन्त सैना,12oha vf[ky Hkkjrh; iqfyl vkpZjh izfr;ksfxrk&2023&24,cSxyksj] dukZVd,30-01-2024 ls 04-02-2024,2024,कम्पाउण्ड राउण्ड 50 मीटर दूरी,jtr
120,dq-f[k-,vkpZjh,&,रि.आ. तरूण दीक्षित,12oha vf[ky Hkkjrh; iqfyl vkpZjh izfr;ksfxrk&2023&24,cSxyksj] dukZVd,30-01-2024 ls 04-02-2024,2024,कम्पाउण्ड राउण्ड 50 मीटर दूरी,dkaL;
121,dq-f[k-,vkpZjh,&,रि.आ. श्रेय भारद्वाज,12oha vf[ky Hkkjrh; iqfyl vkpZjh izfr;ksfxrk&2023&24,cSxyksj] dukZVd,30-01-2024 ls 04-02-2024,2024,रिकर्व 50 मीटर दूरी,jtr
122,dq-f[k-,vkpZjh,&,रि.आ. श्रेय भारद्वाज,12oha vf[ky Hkkjrh; iqfyl vkpZjh izfr;ksfxrk&2023&24,cSxyksj] dukZVd,30-01-2024 ls 04-02-2024,2024,रिकर्व 30 मीटर दूरी,Lo.kZ
123,dq-f[k-,vkpZjh,&,रि.आ. श्रेय भारद्वाज,12oha vf[ky Hkkjrh; iqfyl vkpZjh izfr;ksfxrk&2023&24,cSxyksj] dukZVd,30-01-2024 ls 04-02-2024,2024,ओवर ऑल रिकर्व राउण्ड,Lo.kZ
124,dq-f[k-@lk-,vkpZjh,&,e-vk- vuhrk ikSMoky] e-vk- f”kYih] e-vk- thur vkjk] e-vk- lqeu pkS/kjh,12oha vf[ky Hkkjrh; iqfyl vkpZjh izfr;ksfxrk&2023&24,cSxyksj] dukZVd,30-01-2024 ls 04-02-2024,2024,fjdoZ jkm.M efgyk Vhe bosUV,jtr
125,dq-f[k-,vkpZjh,&,vk-Js; Hkkj}kt] e-vk- lqeu pkS/kjh,12oha vf[ky Hkkjrh; iqfyl vkpZjh izfr;ksfxrk&2023&24,cSxyksj] dukZVd,30-01-2024 ls 04-02-2024,2024,feDl Vhe bosUV,jtr
126,lkekU;,M~;wVhehV,&,dEI;wVj vkijsVj vuq “kekZ,67oha vf[ky Hkkjrh; iqfyl M~;wVhehV izfr;ksfxrk&2023&24,"vkj-ih-,Q- y[kuÅ",12-02-2024 ls 16-02-2024,2024,bosUV uEcj&2 vkfQl vkVkses”ku,jtr
127,lkekU;,M~;wVhehV,&,vkj{kh nhid dqekj flag,67oha vf[ky Hkkjrh; iqfyl M~;wVhehV izfr;ksfxrk&2023&24,"vkj-ih-,Q- y[kuÅ",12-02-2024 ls 16-02-2024,2024,ohfM;ksxzkQh,Lo.kZ
128,lkekU;,M~;wVhehV,&,fujh{kd izksxzkej r: ekFkqj,67oha vf[ky Hkkjrh; iqfyl M~;wVhehV izfr;ksfxrk&2023&24,"vkj-ih-,Q- y[kuÅ",12-02-2024 ls 16-02-2024,2024,bosUV uEcj&3 dEI;wVj vos;jusl,Lo.kZ
129,lkekU;,M~;wVhehV,&,fujh{kd izksxzkej izeksn dqekj,67oha vf[ky Hkkjrh; iqfyl M~;wVhehV izfr;ksfxrk&2023&24,"vkj-ih-,Q- y[kuÅ",12-02-2024 ls 16-02-2024,2024,bosUV uEcj&3 dEI;wVj vos;jusl,Lo.kZ
130,lkekU;,Vscy Vsful,&,DySP श्री देवेन्द्र सिंह भदौरिया,72oha vf[ky Hkkjrh; iqfyl okyhckWy DyLVj izfr;ksfxrk 2023&24,ukxiqj] egkjk’V,26-02-2024 ls 02-03-2024,2024,GO’s  50+  सिंगल्स,Lo.kZ
131,lkekU;,Vscy Vsful,&,DySP श्री प्रेम कुमार थापा,72oha vf[ky Hkkjrh; iqfyl okyhckWy DyLVj izfr;ksfxrk 2023&24,ukxiqj] egkjk’V,26-02-2024 ls 02-03-2024,2024,GO’s  50+  सिंगल्स,jtr
132,lkekU;,Vscy Vsful,&,Adsl SP श्री मनीष सोनकर,72oha vf[ky Hkkjrh; iqfyl okyhckWy DyLVj izfr;ksfxrk 2023&24,ukxiqj] egkjk’V,26-02-2024 ls 02-03-2024,2024,GO’s  40+ सिंगल्स,dkaL;
133,lkekU;,Vscy Vsful,&,DySP श्री देवेन्द्र सिंह भदौरिया,72oha vf[ky Hkkjrh; iqfyl okyhckWy DyLVj izfr;ksfxrk 2023&24,ukxiqj] egkjk’V,26-02-2024 ls 02-03-2024,2024,GO’s  40+ सिंगल्स,dkaL;
134,lkekU;,Vscy Vsful,&,"Adsl SP श्री मनीष सोनकर, DySP श्री देवेन्द्र सिंह भदौरिया, DySP श्री प्रेम कुमार थापा, DySP श्री वरूण कुमार",72oha vf[ky Hkkjrh; iqfyl okyhckWy DyLVj izfr;ksfxrk 2023&24,ukxiqj] egkjk’V,26-02-2024 ls 02-03-2024,2024,GO’s टीम चैम्पियनशिप,jtr
135,lkekU;,Vscy Vsful,&,"DySP श्री देवेन्द्र सिंह भदौरिया, DySP श्री प्रेम कुमार थापा",72oha vf[ky Hkkjrh; iqfyl okyhckWy DyLVj izfr;ksfxrk 2023&24,ukxiqj] egkjk’V,26-02-2024 ls 02-03-2024,2024,GO’s 50++++ डवल्स,Lo.kZ
136,lkekU;,Vscy Vsful,&,"Adsl SP श्री मनीष सोनकर, DySP श्री देवेन्द्र सिंह भदौरिया",72oha vf[ky Hkkjrh; iqfyl okyhckWy DyLVj izfr;ksfxrk 2023&24,ukxiqj] egkjk’V,26-02-2024 ls 02-03-2024,2024,GO’s 40++++ डवल्स,jtr
137,lkekU;,Vscy Vsful,&,"DySP श्री देवेन्द्र सिंह भदौरिया, Adsl SP श्री मनीष सोनकर",72oha vf[ky Hkkjrh; iqfyl okyhckWy DyLVj izfr;ksfxrk 2023&24,ukxiqj] egkjk’V,26-02-2024 ls 02-03-2024,2024,GO’s ओपन डबल्स,jtr
138,lkekU;,Vscy Vsful,&,उ.नि. महेश चन्द्र पाण्डेय,72oha vf[ky Hkkjrh; iqfyl okyhckWy DyLVj izfr;ksfxrk 2023&24,ukxiqj] egkjk’V,26-02-2024 ls 02-03-2024,2024,50+  सिंगल्स,dkaL;
139,dq-f[k-,Vscy Vsful,&,आ. सुब्रत राज वर्मा,72oha vf[ky Hkkjrh; iqfyl okyhckWy DyLVj izfr;ksfxrk 2023&24,ukxiqj] egkjk’V,26-02-2024 ls 02-03-2024,2024,ओपन  सिंगल्स,jtr
140,lkekU;,Vscy Vsful,&,म.मु.आ. रोमी,72oha vf[ky Hkkjrh; iqfyl okyhckWy DyLVj izfr;ksfxrk 2023&24,ukxiqj] egkjk’V,26-02-2024 ls 02-03-2024,2024,ओपन  सिंगल्स,dkaL;
141,lkekU;,Vscy Vsful,&,मु.आ. राहुल चौधरी,72oha vf[ky Hkkjrh; iqfyl okyhckWy DyLVj izfr;ksfxrk 2023&24,ukxiqj] egkjk’V,26-02-2024 ls 02-03-2024,2024,ओपन  सिंगल्स,dkaL;
142,dq-f[k-,Vscy Vsful,&,म.आ. श्रष्टी जैसवाल   ,72oha vf[ky Hkkjrh; iqfyl okyhckWy DyLVj izfr;ksfxrk 2023&24,ukxiqj] egkjk’V,26-02-2024 ls 02-03-2024,2024,ओपन  सिंगल्स,jtr
143,dq-f[k-,Vscy Vsful,&,म.आ. गुनगुन साहू    ,72oha vf[ky Hkkjrh; iqfyl okyhckWy DyLVj izfr;ksfxrk 2023&24,ukxiqj] egkjk’V,26-02-2024 ls 02-03-2024,2024,ओपन  सिंगल्स,Lo.kZ
144,lkekU;,Vscy Vsful,&,उ.नि. ओम कुमारी,72oha vf[ky Hkkjrh; iqfyl okyhckWy DyLVj izfr;ksfxrk 2023&24,ukxiqj] egkjk’V,26-02-2024 ls 02-03-2024,2024,40+ सिंगल्स,Lo.kZ
145,lkekU;,Vscy Vsful,&,"उ.नि. ओम कुमारी, एच.ओ. अर्चना",72oha vf[ky Hkkjrh; iqfyl okyhckWy DyLVj izfr;ksfxrk 2023&24,ukxiqj] egkjk’V,26-02-2024 ls 02-03-2024,2024,40+ डबल,Lo.kZ
146,lkekU;,Vscy Vsful,&,एच.ओ. अर्चना,72oha vf[ky Hkkjrh; iqfyl okyhckWy DyLVj izfr;ksfxrk 2023&24,ukxiqj] egkjk’V,26-02-2024 ls 02-03-2024,2024,40+ सिंगल्स,dkaL;
147,dq-f[k-@lk-,Vscy Vsful,&,"मु.आ. रोमी, म.आ. रानी सिंह, म.आ. गुनगुन साहू, म.आ. श्रष्टी जैसवाल, उ.नि. ओम कुमारी",72oha vf[ky Hkkjrh; iqfyl okyhckWy DyLVj izfr;ksfxrk 2023&24,ukxiqj] egkjk’V,26-02-2024 ls 02-03-2024,2024,महिला टीम चैम्पियनशिप,Lo.kZ
148,dq-f[k-@lk-,Vscy Vsful,&,"मु.आ. राहुल चौधरी, आ. अरशद खां, आ. अरविन्द चौधरी, आ. सुब्रत राज वर्मा, आ. विशाल राज",72oha vf[ky Hkkjrh; iqfyl okyhckWy DyLVj izfr;ksfxrk 2023&24,ukxiqj] egkjk’V,26-02-2024 ls 02-03-2024,2024,पुरूष टीम चैम्पियनशिप,Lo.kZ
149,lkekU;,Vscy Vsful,&,"उ.नि. महेश चन्द्र पाण्डेय, एच.ओ. अर्चना",72oha vf[ky Hkkjrh; iqfyl okyhckWy DyLVj izfr;ksfxrk 2023&24,ukxiqj] egkjk’V,26-02-2024 ls 02-03-2024,2024,40+ मिक्स डबल्स,dkaL;
150,dq-f[k-@lk-,Vscy Vsful,&,"आ. अरविन्द चौधरी, म.आ. गुनगुन साहू",72oha vf[ky Hkkjrh; iqfyl okyhckWy DyLVj izfr;ksfxrk 2023&24,ukxiqj] egkjk’V,26-02-2024 ls 02-03-2024,2024,ओपन मिक्स डवल्स,Lo.kZ
151,lkekU;,Vscy Vsful,&,"मु.आ. राहुल चौधरी, म.मु.आ. रोमी",72oha vf[ky Hkkjrh; iqfyl okyhckWy DyLVj izfr;ksfxrk 2023&24,ukxiqj] egkjk’V,26-02-2024 ls 02-03-2024,2024,ओपन मिक्स डवल्स,jtr
152,dq-f[k-@lk-,Vscy Vsful,&,"आ. विशाल राज, म.आ. रानी सिंह  ",72oha vf[ky Hkkjrh; iqfyl okyhckWy DyLVj izfr;ksfxrk 2023&24,ukxiqj] egkjk’V,26-02-2024 ls 02-03-2024,2024,ओपन मिक्स डवल्स,dkaL;
153,dq-f[k-@lk-,Vscy Vsful,&,"मु.आ. राहुल चौधरी, आ. सुब्रत राज वर्मा",72oha vf[ky Hkkjrh; iqfyl okyhckWy DyLVj izfr;ksfxrk 2023&24,ukxiqj] egkjk’V,26-02-2024 ls 02-03-2024,2024,ओपन डवल्स,Lo.kZ
154,dq-f[k-,Vscy Vsful,&,"आ. अरविन्द चौधरी, आ. विशाल राज",72oha vf[ky Hkkjrh; iqfyl okyhckWy DyLVj izfr;ksfxrk 2023&24,ukxiqj] egkjk’V,26-02-2024 ls 02-03-2024,2024,ओपन डवल्स,jtr
155,dq-f[k-,Vscy Vsful,&,"म.आ. गुनगुन साहू, म.आ.श्रष्टि जायसवाल ",72oha vf[ky Hkkjrh; iqfyl okyhckWy DyLVj izfr;ksfxrk 2023&24,ukxiqj] egkjk’V,26-02-2024 ls 02-03-2024,2024,ओपन डवल्स,Lo.kZ
156,dq-f[k-,Vscy Vsful,&,"आ. सुब्रत राज वर्मा, म.आ.श्रष्टि जायसवाल",72oha vf[ky Hkkjrh; iqfyl okyhckWy DyLVj izfr;ksfxrk 2023&24,ukxiqj] egkjk’V,26-02-2024 ls 02-03-2024,2024,ओपन मिक्स डबल्स,dkaL;
157,dq-f[k-,"ckLdsVcky 
¼efgyk Vhe½",&,e-vk- cj[kk lksudj] uSUlh xqIrk] eulk chih] vuqlqb;k luy] jkxuh >ka] fyijke;h lR;iFkh] eukyh oksjk] lk{kh flag] vuqjk/kk lsB,72oha vf[ky Hkkjrh; iqfyl okyhckWy DyLVj izfr;ksfxrk 2023&24,ukxiqj] egkjk’V,26-02-2024 ls 02-03-2024,2024,Vhe bosUV,dkaL;
158,lkekU;,"lsid Vdjk 
efgyk",&,e-vk- fjadh iVsy] yrk dqekjh] 'k'kh izHkk] _rq feJk] iwtk jk;] izfrdk vk;Z] fjfrdk 'kekZ] js'kw xqIrk] uhyw ;kno] vkjrh ;kno] fotsrk] eksfudk] t;k JhokLro] vYdk pkgj,72oha vf[ky Hkkjrh; iqfyl okyhckWy DyLVj izfr;ksfxrk 2023&24,ukxiqj] egkjk’V,26-02-2024 ls 02-03-2024,2024,Vhe bosUV,dkaL;
159,lkekU;,"lsid Vdjk 
iq:""k",&,eq-vk- vfer dqekj] eq-vk- vkfnR; usxh] eq-vk- vfer dqekj] eq-vk- eksfgr xksLokeh] vk- jkgqy dqekj ckfYedh] vk- jks'ku pkSgku,72oha vf[ky Hkkjrh; iqfyl okyhckWy DyLVj izfr;ksfxrk 2023&24,ukxiqj] egkjk’V,26-02-2024 ls 02-03-2024,2024,DokM Li/kkZ,dkaL;
160,lkekU;,;ksxk,&,आ.राजकुमार बिन्द,72oha vf[ky Hkkjrh; iqfyl okyhckWy DyLVj izfr;ksfxrk 2023&24,ukxiqj] egkjk’V,26-02-2024 ls 02-03-2024,2024,18-28 पुरूष ट्रेडिस्नल,Lo.kZ
161,lkekU;,;ksxk,&,"म.आ. सगुफा तोहिद, म.आ. सरिता चौधरी",72oha vf[ky Hkkjrh; iqfyl okyhckWy DyLVj izfr;ksfxrk 2023&24,ukxiqj] egkjk’V,26-02-2024 ls 02-03-2024,2024,18-28 महिला पेयर,dkaL;
162,lkekU;,;ksxk,&,"आ. सुभम मिश्रा, आ. प्रदीप कुमार",72oha vf[ky Hkkjrh; iqfyl okyhckWy DyLVj izfr;ksfxrk 2023&24,ukxiqj] egkjk’V,26-02-2024 ls 02-03-2024,2024,18-28 पुरूष पेयर,dkaL;
163,lkekU;,;ksxk,&,मु.आ. किशन कुमार,72oha vf[ky Hkkjrh; iqfyl okyhckWy DyLVj izfr;ksfxrk 2023&24,ukxiqj] egkjk’V,26-02-2024 ls 02-03-2024,2024,28-35 पुरूष ट्रेडिस्नल,Lo.kZ
164,lkekU;,;ksxk,&,"आ. ब्रजेश प्रधान, आ. रविन्द्र कुमार",72oha vf[ky Hkkjrh; iqfyl okyhckWy DyLVj izfr;ksfxrk 2023&24,ukxiqj] egkjk’V,26-02-2024 ls 02-03-2024,2024,28-35 पुरूष पेयर,dkaL;
165,lkekU;,;ksxk,&,"आ.राजीव कुमार, आ. कमल सिंह",72oha vf[ky Hkkjrh; iqfyl okyhckWy DyLVj izfr;ksfxrk 2023&24,ukxiqj] egkjk’V,26-02-2024 ls 02-03-2024,2024,35-45 पुरूष पेयर,dkaL;
166,lkekU;,;ksxk,&,"मु.आ. सुमित, आ. पंकज",72oha vf[ky Hkkjrh; iqfyl okyhckWy DyLVj izfr;ksfxrk 2023&24,ukxiqj] egkjk’V,26-02-2024 ls 02-03-2024,2024,18-28 रिदमिक पेयर,dkaL;
167,lkekU;,;ksxk,&,"मु.आ. ब्रजेश प्रधान, मु.आ. अनुराग मलिक",72oha vf[ky Hkkjrh; iqfyl okyhckWy DyLVj izfr;ksfxrk 2023&24,ukxiqj] egkjk’V,26-02-2024 ls 02-03-2024,2024,28-35 रिदमिक पेयर,Lo.kZ
168,lkekU;,;ksxk,&,आ. राजकुमार बिन्द,72oha vf[ky Hkkjrh; iqfyl okyhckWy DyLVj izfr;ksfxrk 2023&24,ukxiqj] egkjk’V,26-02-2024 ls 02-03-2024,2024,18-28 आरटिस्टिक सिंगल,dkaL;
169,lkekU;,;ksxk,&,मु.आ. किशन कुमार,72oha vf[ky Hkkjrh; iqfyl okyhckWy DyLVj izfr;ksfxrk 2023&24,ukxiqj] egkjk’V,26-02-2024 ls 02-03-2024,2024,18-35 आरटिस्टिक सिंगल,jtr
170,lkekU;,;ksxk,&,"म.आ. सगुफा तोहीद, म.आ. रोहिन त्यागी",72oha vf[ky Hkkjrh; iqfyl okyhckWy DyLVj izfr;ksfxrk 2023&24,ukxiqj] egkjk’V,26-02-2024 ls 02-03-2024,2024,18-28 रिदमिक पेयर,jtr
171,lkekU;,;ksxk,&,"म.आ. रितू, म.आ. मोनिका शुक्ला",72oha vf[ky Hkkjrh; iqfyl okyhckWy DyLVj izfr;ksfxrk 2023&24,ukxiqj] egkjk’V,26-02-2024 ls 02-03-2024,2024,28-35 रिदमिक पेयर,dkaL;
172,lkekU;,;ksxk,&,"मु.आ. सुमित कुमार, आ. पंकज कुमार, आ. राजकुमार बिन्द, आ.प्रदीप कुमार, आ. सुभम कुमार",72oha vf[ky Hkkjrh; iqfyl okyhckWy DyLVj izfr;ksfxrk 2023&24,ukxiqj] egkjk’V,26-02-2024 ls 02-03-2024,2024,18-28 आरटिस्टिक ग्रुप,Lo.kZ
173,dq-f[k-,okVj LiksVZ~l,&,"आ. सत्यम बालियान, आ. बलवीर जाट",23oha vf[ky Hkkjrh; iqfyl okVj LiksVZ~l izfr;ksfxrk 2023&24,tEew d'ehj,2-03-2024 ls 08-03-2024,2024,क्याकिंग K-2 1000 मीटर,Lo.kZ
174,dq-f[k-,okVj LiksVZ~l,&,"आ. करनबीर सिंह बिन्दर, आ. सोभित पाण्डेय",23oha vf[ky Hkkjrh; iqfyl okVj LiksVZ~l izfr;ksfxrk 2023&24,tEew d'ehj,2-03-2024 ls 08-03-2024,2024,रोइंग डबल स्कल 1000 मीटर,Lo.kZ
175,dq-f[k-,okVj LiksVZ~l,&,"आ.आदित्य सिंह, आ.सुखदीप सिंह",23oha vf[ky Hkkjrh; iqfyl okVj LiksVZ~l izfr;ksfxrk 2023&24,tEew d'ehj,2-03-2024 ls 08-03-2024,2024,रोइंग पेयर 1000 मीटर,dkaL;
176,dq-f[k-,okVj LiksVZ~l,&,"आ. निखिल कुमार, आ. सोयल, आ. आदित्य सिंह, आ. सुखदीप सिंह",23oha vf[ky Hkkjrh; iqfyl okVj LiksVZ~l izfr;ksfxrk 2023&24,tEew d'ehj,2-03-2024 ls 08-03-2024,2024,रोइंग फोर 1000 मीटर,jtr
177,dq-f[k-,okVj LiksVZ~l,&,आ.सोभित पाण्डेय,23oha vf[ky Hkkjrh; iqfyl okVj LiksVZ~l izfr;ksfxrk 2023&24,tEew d'ehj,2-03-2024 ls 08-03-2024,2024,रोइंग सिंगल स्कल 500 मीटर,jtr
178,dq-f[k-,okVj LiksVZ~l,&,"आ. 232031780 आदित्य सिंह, आ. 232290343 सुखदीप सिंह",23oha vf[ky Hkkjrh; iqfyl okVj LiksVZ~l izfr;ksfxrk 2023&24,tEew d'ehj,2-03-2024 ls 08-03-2024,2024,रोइंग पेयर 500 मीटर,Lo.kZ
179,dq-f[k-@lk-,okVj LiksVZ~l,&,"आ. 232090372 सत्यम बालियान  234240496 विकास मौर्या   
232010118 बलवीर जाट     
190721163 बृजमोहन",23oha vf[ky Hkkjrh; iqfyl okVj LiksVZ~l izfr;ksfxrk 2023&24,tEew d'ehj,2-03-2024 ls 08-03-2024,2024,"क्याकिंग K-4 500 मीटर, क्याकिंग K-4 500 मीटर, क्याकिंग K-4 500 मीटर, क्याकिंग K-4 500 मीटर",jtr
180,dq-f[k-,okVj LiksVZ~l,&,"आ. 232290343 करनबीर सिंह भिन्डर, आ. लोकेश",23oha vf[ky Hkkjrh; iqfyl okVj LiksVZ~l izfr;ksfxrk 2023&24,tEew d'ehj,2-03-2024 ls 08-03-2024,2024,रोइंग डबल स्कल 500 मीटर,Lo.kZ
181,dq-f[k-,okVj LiksVZ~l,&,"आ. अभिमन्यू पटेल, आ. 232510908 महेन्द्र सिंह, आ. 232510227 सागर चौधरी, आ. 232510937 हर्ष कुमार",23oha vf[ky Hkkjrh; iqfyl okVj LiksVZ~l izfr;ksfxrk 2023&24,tEew d'ehj,2-03-2024 ls 08-03-2024,2024,क्याकिंग K-4 200 मीटर,jtr
182,dq-f[k-,cSMfeUVu,&,vkj{kh jktu ;kno,16oha vf[ky Hkkjrh; iqfyl cSMfeUVu izfr;ksfxrk 2023,rsyaxkuk] gSnjkckn,17-03-2024 ls 21-03-2024,2024,vksiu flaxYl iq:’k ,Lo.kZ
183,dq-f[k-,cSMfeUVu,&,e-vkj{kh fleju pkS/kjh,16oha vf[ky Hkkjrh; iqfyl cSMfeUVu izfr;ksfxrk 2023,rsyaxkuk] gSnjkckn,17-03-2024 ls 21-03-2024,2024,efgyk vksiu flaxYl,Lo.kZ
184,dq-f[k-,cSMfeUVu,&,vkj{kh jktu ;kno] e-vkj{kh fleju pkS/kjh,16oha vf[ky Hkkjrh; iqfyl cSMfeUVu izfr;ksfxrk 2023,rsyaxkuk] gSnjkckn,17-03-2024 ls 21-03-2024,2024,vksiu feDl McYl,Lo.kZ
185,lkekU;,cSMfeUVu,&,ihlh /khjsUnz dqekj ik.Ms; o m-fu- mes'kpUnz iVsy,16oha vf[ky Hkkjrh; iqfyl cSMfeUVu izfr;ksfxrk 2023,rsyaxkuk] gSnjkckn,17-03-2024 ls 21-03-2024,2024,osVju izfr;ksfxrk 50$ McYl,jtr 
186,lkekU;,cSMfeUVu,&,ihlh /khjsUnz dqekj ik.Ms;,16oha vf[ky Hkkjrh; iqfyl cSMfeUVu izfr;ksfxrk 2023,rsyaxkuk] gSnjkckn,17-03-2024 ls 21-03-2024,2024,osVju izfr;ksfxrk 50$ iq:’k flaxYl,jtr 
187,dq-f[k-,cSMfeUVu,&,e-vkj{kh fjpk ;kno,16oha vf[ky Hkkjrh; iqfyl cSMfeUVu izfr;ksfxrk 2023,rsyaxkuk] gSnjkckn,17-03-2024 ls 21-03-2024,2024,vksiu flaxYl,dkaL; 
188,dq-f[k-,cSMfeUVu,&,vkj{kh jktu ;kno o vkj{kh dfiy pkS/kjh,16oha vf[ky Hkkjrh; iqfyl cSMfeUVu izfr;ksfxrk 2023,rsyaxkuk] gSnjkckn,17-03-2024 ls 21-03-2024,2024,vksiu McYl iq:’k,dkaL;
189,dq-f[k-,cSMfeUVu,&,e-vkj{kh fjpk ;kno o e-vk- fleju pkS/kjh,16oha vf[ky Hkkjrh; iqfyl cSMfeUVu izfr;ksfxrk 2023,rsyaxkuk] gSnjkckn,17-03-2024 ls 21-03-2024,2024,efgyk vksiu McYl,dkaL;
190,lkekU;, 'kwfVax M~;wVh ehV,142060027,e-vkj{kh ljkst,25oha vf[ky Hkkjrh; iqfyl 'kwfVax M~;wVhehV izfr;ksfxrk ¼efgyk½ 2024&25,vksFkhoDde] rfeyukMw,15-06-2024 ls 20-06-2024,2024,300 xt jkbQy LuSi 'kwfVax,Lo.kZ
191,dq-f[k-,oq'kw,232290125,e-vkj{kh fiz;adk,"09oha vf[ky Hkkjrh; iqfyl twMks DyLVj izfr;ksfxrk ¼efgyk@iq:""k½ 2024&25",vklke,"24-06-2024 ls 
30-06-2024",2024,rkmyw,Lo.kZ
192,dq-f[k-,oq'kw,232330252,vkj{kh eksfgr Fkkik,"09oha vf[ky Hkkjrh; iqfyl twMks DyLVj izfr;ksfxrk ¼efgyk@iq:""k½ 2024&25",vklke,"24-06-2024 ls 
30-06-2024",2024,rkmyw,jtr
193,dq-f[k-,oq'kw,232330353,e-vk- izhrh,"09oha vf[ky Hkkjrh; iqfyl twMks DyLVj izfr;ksfxrk ¼efgyk@iq:""k½ 2024&25",vklke,"24-06-2024 ls 
30-06-2024",2024,56fdxzk-,jtr
194,dq-f[k-,oq'kw,232330207,vkj{kh fufru pkS/kjh,"09oha vf[ky Hkkjrh; iqfyl twMks DyLVj izfr;ksfxrk ¼efgyk@iq:""k½ 2024&25",vklke,"24-06-2024 ls 
30-06-2024",2024,65fdxzk,jtr
195,dq-f[k-,oq'kw,232510751,vkj{kh fpUVw ukxj,"09oha vf[ky Hkkjrh; iqfyl twMks DyLVj izfr;ksfxrk ¼efgyk@iq:""k½ 2024&25",vklke,"24-06-2024 ls 
30-06-2024",2024,$90fdxzk-,Lo.kZ
196,dq-f[k-,oq'kw,232030224,vkj{kh lwjt ;kno,"09oha vf[ky Hkkjrh; iqfyl twMks DyLVj izfr;ksfxrk ¼efgyk@iq:""k½ 2024&25",vklke,"24-06-2024 ls 
30-06-2024",2024,70fdxzk,dkaL;
197,dq-f[k-,oq'kw,232650022,e-vk- gqek [kku,"09oha vf[ky Hkkjrh; iqfyl twMks DyLVj izfr;ksfxrk ¼efgyk@iq:""k½ 2024&25",vklke,"24-06-2024 ls 
30-06-2024",2024,48fdxzk-,dkaL;
198,dq-f[k-,oq'kw,232510546,e-vk- izsj.kk,"09oha vf[ky Hkkjrh; iqfyl twMks DyLVj izfr;ksfxrk ¼efgyk@iq:""k½ 2024&25",vklke,"24-06-2024 ls 
30-06-2024",2024,60fdxzk-,dkaL;
199,dq-f[k-,oq'kw,232010075,e-vk- Jqfr ljoS;k,"09oha vf[ky Hkkjrh; iqfyl twMks DyLVj izfr;ksfxrk ¼efgyk@iq:""k½ 2024&25",vklke,"24-06-2024 ls 
30-06-2024",2024,65fdxzk,dkaL;
200,lkekU;,oq'kw,191863590,vk- fodkl lgjkor lkekU;,"09oha vf[ky Hkkjrh; iqfyl twMks DyLVj izfr;ksfxrk ¼efgyk@iq:""k½ 2024&25",vklke,"24-06-2024 ls 
30-06-2024",2024,85fdxzk-,dkaL;
201,lkekU;,rkbZDok.Mks,182702697,vkj{kh lquhy,"09oha vf[ky Hkkjrh; iqfyl twMks DyLVj izfr;ksfxrk ¼efgyk@iq:""k½ 2024&25",vklke,"24-06-2024 ls 
30-06-2024",2024,87$,dkaL;
202,lkekU;,rkbZDok.Mks,202481238,vkj{kh lksuw ckfy;ku,"09oha vf[ky Hkkjrh; iqfyl twMks DyLVj izfr;ksfxrk ¼efgyk@iq:""k½ 2024&25",vklke,"24-06-2024 ls 
30-06-2024",2024,74,dkaL;
203,dq-f[k-,rkbZDok.Mks,232510155,e-vkj{kh iwtk,"09oha vf[ky Hkkjrh; iqfyl twMks DyLVj izfr;ksfxrk ¼efgyk@iq:""k½ 2024&25",vklke,"24-06-2024 ls 
30-06-2024",2024,62,Lo.kZ
204,dq-f[k-,rkbZDok.Mks,&,e-vkj{kh vuh'kk,"09oha vf[ky Hkkjrh; iqfyl twMks DyLVj izfr;ksfxrk ¼efgyk@iq:""k½ 2024&25",vklke,"24-06-2024 ls 
30-06-2024",2024,53,Lo.kZ
205,dq-f[k-,rkbZDok.Mks,234103603,e-vkj{kh fj;k dukSft;k,"09oha vf[ky Hkkjrh; iqfyl twMks DyLVj izfr;ksfxrk ¼efgyk@iq:""k½ 2024&25",vklke,"24-06-2024 ls 
30-06-2024",2024,46,jtr
206,dq-f[k-,rkbZDok.Mks,234100082,e-vk- lhek dukSft;k,"09oha vf[ky Hkkjrh; iqfyl twMks DyLVj izfr;ksfxrk ¼efgyk@iq:""k½ 2024&25",vklke,"24-06-2024 ls 
30-06-2024",2024,49fdxzk-,Lo.kZ
207,dq-f[k-,rkbZDok.Mks,232032002,e-vk- _f’krk jk;,"09oha vf[ky Hkkjrh; iqfyl twMks DyLVj izfr;ksfxrk ¼efgyk@iq:""k½ 2024&25",vklke,"24-06-2024 ls 
30-06-2024",2024,57fdxzk-,jtr
208,dq-f[k-,rkbZDok.Mks,232290659,vk- nsokax 'kekZ,"09oha vf[ky Hkkjrh; iqfyl twMks DyLVj izfr;ksfxrk ¼efgyk@iq:""k½ 2024&25",vklke,"24-06-2024 ls 
30-06-2024",2024,63fdxzk-,dkaL;
209,dq-f[k-,rkbZDok.Mks,232510142,e-vk- [kq'kcw ;kno,"09oha vf[ky Hkkjrh; iqfyl twMks DyLVj izfr;ksfxrk ¼efgyk@iq:""k½ 2024&25",vklke,"24-06-2024 ls 
30-06-2024",2024,73fdxzk-,Lo.kZ
210,dq-f[k-,rkbZDok.Mks,232330643,e-vk- e/kw flag,"09oha vf[ky Hkkjrh; iqfyl twMks DyLVj izfr;ksfxrk ¼efgyk@iq:""k½ 2024&25",vklke,"24-06-2024 ls 
30-06-2024",2024,67fdxz-,Lo.kZ
211,dq-f[k-,rkbZDok.Mks,232032187,"vk- _f""k jk;","09oha vf[ky Hkkjrh; iqfyl twMks DyLVj izfr;ksfxrk ¼efgyk@iq:""k½ 2024&25",vklke,"24-06-2024 ls 
30-06-2024",2024,68fdxz-,Lo.kZ
212,dq-f[k-,twMks,232290213,e-vkj{kh vfLerk Ms,"09oha vf[ky Hkkjrh; iqfyl twMks DyLVj izfr;ksfxrk ¼efgyk@iq:""k½ 2024&25",vklke,"24-06-2024 ls 
30-06-2024",2024,48fdxzk-,Lo.kZ
213,dq-f[k-,twMks,232330119,vkj{kh fo'kky pkSgku,"09oha vf[ky Hkkjrh; iqfyl twMks DyLVj izfr;ksfxrk ¼efgyk@iq:""k½ 2024&25",vklke,"24-06-2024 ls 
30-06-2024",2024,90fdxzk-,dkaL;
214,dq-f[k-,twMks,232510823,vkj{kh lquhy,"09oha vf[ky Hkkjrh; iqfyl twMks DyLVj izfr;ksfxrk ¼efgyk@iq:""k½ 2024&25",vklke,"24-06-2024 ls 
30-06-2024",2024,$100fdxzk-,Lo.kZ
215,lkekU;,isapd flykV,192132552,e-vk- 'khry nsoh,"09oha vf[ky Hkkjrh; iqfyl twMks DyLVj izfr;ksfxrk ¼efgyk@iq:""k½ 2024&25",vklke,"24-06-2024 ls 
30-06-2024",2024,45fdxzk-,Lo.kZ
216,lkekU;,isapd flykV,182423329,e-vk- T;ksfr,"09oha vf[ky Hkkjrh; iqfyl twMks DyLVj izfr;ksfxrk ¼efgyk@iq:""k½ 2024&25",vklke,"24-06-2024 ls 
30-06-2024",2024,55fdxzk,jtr
217,lkekU;,isapd flykV,112292225,eq-vk- eukst dqekj,"09oha vf[ky Hkkjrh; iqfyl twMks DyLVj izfr;ksfxrk ¼efgyk@iq:""k½ 2024&25",vklke,"24-06-2024 ls 
30-06-2024",2024,90fdxzk-,jtr
218,lkekU;,isapd flykV,190481232,vk- nhid,"09oha vf[ky Hkkjrh; iqfyl twMks DyLVj izfr;ksfxrk ¼efgyk@iq:""k½ 2024&25",vklke,"24-06-2024 ls 
30-06-2024",2024,85fdxzk,dkaL;
219,lkekU;,isapd flykV,162531321,vk- vfer dqekj,"09oha vf[ky Hkkjrh; iqfyl twMks DyLVj izfr;ksfxrk ¼efgyk@iq:""k½ 2024&25",vklke,"24-06-2024 ls 
30-06-2024",2024,80fdxzk,dkaL;
220,lkekU;,isapd flykV,180520305,vk- fxj/kkjh yky,"09oha vf[ky Hkkjrh; iqfyl twMks DyLVj izfr;ksfxrk ¼efgyk@iq:""k½ 2024&25",vklke,"24-06-2024 ls 
30-06-2024",2024,50fdxzk-,dkaL;
221,lkekU;,isapd flykV,190713243,vk- uohu,"09oha vf[ky Hkkjrh; iqfyl twMks DyLVj izfr;ksfxrk ¼efgyk@iq:""k½ 2024&25",vklke,"24-06-2024 ls 
30-06-2024",2024,45fdxzk-,dkaL;
222,lkekU;,isapd flykV,182271074,e-vk- fiz;k flag,"09oha vf[ky Hkkjrh; iqfyl twMks DyLVj izfr;ksfxrk ¼efgyk@iq:""k½ 2024&25",vklke,"24-06-2024 ls 
30-06-2024",2024,60fdxzk,dkaL;
223,lkekU;,isapd flykV,180570241,lqjsUnz dqekj ;kno,"09oha vf[ky Hkkjrh; iqfyl twMks DyLVj izfr;ksfxrk ¼efgyk@iq:""k½ 2024&25",vklke,"24-06-2024 ls 
30-06-2024",2024,55fdxzk,dkaL;
224,lkekU;, 'kwfVax M~;wVhehV,&,e-vkj{kh ljkst,vf[ky Hkkjrh; iqfyl 'kwfVax pSfEi;uf'ki QkWj owesu,rfeyukMw,15-06-2024 ls 20-06-2024,2024,300xt jkbQy LuSi 'kwfVax,Lo.kZ
225,dq-f[k-,dq'rh,234100255,vk- vuwi dqekj,73oha vf[ky Hkkjrh; iqfyl dq”rh DyLVj izfr;ksfxrk&2024 ,y[kuÅ,09-09-2024 ls 13-09-2024,2024,55 fdxzk-,Lo.kZ
226,dq-f[k-,dq'rh,232510168,vk- vafdr,73oha vf[ky Hkkjrh; iqfyl dq”rh DyLVj izfr;ksfxrk&2024 ,y[kuÅ,09-09-2024 ls 13-09-2024,2024,63 fdxzk-,jtr
227,dq-f[k-,dq'rh,232510171,vk- lfpu,73oha vf[ky Hkkjrh; iqfyl dq”rh DyLVj izfr;ksfxrk&2024 ,y[kuÅ,09-09-2024 ls 13-09-2024,2024,67 fdxzk-,Lo.kZ
228,dq-f[k-,dq'rh,232330571,vk- eksfgr [kks[kj,73oha vf[ky Hkkjrh; iqfyl dq”rh DyLVj izfr;ksfxrk&2024 ,y[kuÅ,09-09-2024 ls 13-09-2024,2024,97 fdxzk-,Lo.kZ
229,dq-f[k-,dq'rh,234240438,vk- fo'kky lkguh,73oha vf[ky Hkkjrh; iqfyl dq”rh DyLVj izfr;ksfxrk&2024 ,y[kuÅ,09-09-2024 ls 13-09-2024,2024,57 fdxzk-,Lo.kZ
230,dq-f[k-,dq'rh,232510054,vk- jfoUnz,73oha vf[ky Hkkjrh; iqfyl dq”rh DyLVj izfr;ksfxrk&2024 ,y[kuÅ,09-09-2024 ls 13-09-2024,2024,61 fdxzk-,Lo.kZ
231,dq-f[k-,dq'rh,232290170,"vk- vk;q""k dqekj",73oha vf[ky Hkkjrh; iqfyl dq”rh DyLVj izfr;ksfxrk&2024 ,y[kuÅ,09-09-2024 ls 13-09-2024,2024,65 fdxzk-,Lo.kZ
232,dq-f[k-,dq'rh,232510038,"vk- vfHk""ksd",73oha vf[ky Hkkjrh; iqfyl dq”rh DyLVj izfr;ksfxrk&2024 ,y[kuÅ,09-09-2024 ls 13-09-2024,2024,70 fdxzk-,jtr
233,dq-f[k-,dq'rh,232031810,vk- rstohj flag ;kno,73oha vf[ky Hkkjrh; iqfyl dq”rh DyLVj izfr;ksfxrk&2024 ,y[kuÅ,09-09-2024 ls 13-09-2024,2024,74 fdxzk-,dkaL;
234,dq-f[k-,dq'rh,232510070,vk- vejiky,73oha vf[ky Hkkjrh; iqfyl dq”rh DyLVj izfr;ksfxrk&2024 ,y[kuÅ,09-09-2024 ls 13-09-2024,2024,79 fdxzk-,dkaL;
235,dq-f[k-,dq'rh,232031807,vk- xksfoUn dqekj,73oha vf[ky Hkkjrh; iqfyl dq”rh DyLVj izfr;ksfxrk&2024 ,y[kuÅ,09-09-2024 ls 13-09-2024,2024,86 fdxzk-,jtr
236,dq-f[k-,dq'rh,232010150,e-vk- fiz;ka'kh iztkifr,73oha vf[ky Hkkjrh; iqfyl dq”rh DyLVj izfr;ksfxrk&2024 ,y[kuÅ,09-09-2024 ls 13-09-2024,2024,53,jtr
237,dq-f[k-,dq'rh,232510403,e-vk- laxhrk,73oha vf[ky Hkkjrh; iqfyl dq”rh DyLVj izfr;ksfxrk&2024 ,y[kuÅ,09-09-2024 ls 13-09-2024,2024,55,jtr
238,dq-f[k-,dq'rh,232032073,e-vk- ekulh ;kno,73oha vf[ky Hkkjrh; iqfyl dq”rh DyLVj izfr;ksfxrk&2024 ,y[kuÅ,09-09-2024 ls 13-09-2024,2024,55,dkaL;
239,dq-f[k-,dq'rh,234103599,"e-vk- iq""ik ;kno",73oha vf[ky Hkkjrh; iqfyl dq”rh DyLVj izfr;ksfxrk&2024 ,y[kuÅ,09-09-2024 ls 13-09-2024,2024,62,dkaL;
240,dq-f[k-,dq'rh,232510275,e-vk- latw nsoh,73oha vf[ky Hkkjrh; iqfyl dq”rh DyLVj izfr;ksfxrk&2024 ,y[kuÅ,09-09-2024 ls 13-09-2024,2024,65,Lo.kZ
241,dq-f[k-,dq'rh,232510344,e-vk- fu'kk,73oha vf[ky Hkkjrh; iqfyl dq”rh DyLVj izfr;ksfxrk&2024 ,y[kuÅ,09-09-2024 ls 13-09-2024,2024,72,dkaL;
242,lkekU;,dq'rh,192611044,e-vk- fjpk 'kekZ,73oha vf[ky Hkkjrh; iqfyl dq”rh DyLVj izfr;ksfxrk&2024 ,y[kuÅ,09-09-2024 ls 13-09-2024,2024,50,dkaL;
243,lkekU;,dq'rh,182664335,e-vk- uhye rksej,73oha vf[ky Hkkjrh; iqfyl dq”rh DyLVj izfr;ksfxrk&2024 ,y[kuÅ,09-09-2024 ls 13-09-2024,2024,76,jtr
244,lkekU;,vkeZ jsfLyax,194060053,vk- vt; iky,73oha vf[ky Hkkjrh; iqfyl dq”rh DyLVj izfr;ksfxrk&2024 ,y[kuÅ,09-09-2024 ls 13-09-2024,2024,55 fdxzk-,Lo.kZ
245,lkekU;,vkeZ jsfLyax,112761530,e-eq-vk- nhik pkS/kjh,73oha vf[ky Hkkjrh; iqfyl dq”rh DyLVj izfr;ksfxrk&2024 ,y[kuÅ,09-09-2024 ls 13-09-2024,2024,80$ fdxzk-,Lo.kZ
246,lkekU;,vkeZ jsfLyax,191860344,eq-vk- fodkl ukxj,73oha vf[ky Hkkjrh; iqfyl dq”rh DyLVj izfr;ksfxrk&2024 ,y[kuÅ,09-09-2024 ls 13-09-2024,2024,110 fdxzk-,jtr
247,lkekU;,vkeZ jsfLyax,212022946,vk- 'kqHke ukxj,73oha vf[ky Hkkjrh; iqfyl dq”rh DyLVj izfr;ksfxrk&2024 ,y[kuÅ,09-09-2024 ls 13-09-2024,2024,100 fdxzk-,dkaL;
248,lkekU;,vkeZ jsfLyax,052330197,c`ts'k dqekj,73oha vf[ky Hkkjrh; iqfyl dq”rh DyLVj izfr;ksfxrk&2024 ,y[kuÅ,09-09-2024 ls 13-09-2024,2024,110$ fdxzk-,dkaL;
249,lkekU;,vkeZ jsfLyax,190732750,vk- jkgqy dqekj,73oha vf[ky Hkkjrh; iqfyl dq”rh DyLVj izfr;ksfxrk&2024 ,y[kuÅ,09-09-2024 ls 13-09-2024,2024,85 fdxzk-,Lo.kZ
250,lkekU;,vkeZ jsfLyax,190754963,vk- jkgqy jkds'k,73oha vf[ky Hkkjrh; iqfyl dq”rh DyLVj izfr;ksfxrk&2024 ,y[kuÅ,09-09-2024 ls 13-09-2024,2024,80 fdxzk-,jtr
251,dq-f[k-,ckfDalx,232330135,vk- xxunhi,73oha vf[ky Hkkjrh; iqfyl dq”rh DyLVj izfr;ksfxrk&2024 ,y[kuÅ,09-09-2024 ls 13-09-2024,2024,71 fdxzk-,jtr
252,dq-f[k-,ckfDalx,232330018,vk- jkWdh pkS/kjh,73oha vf[ky Hkkjrh; iqfyl dq”rh DyLVj izfr;ksfxrk&2024 ,y[kuÅ,09-09-2024 ls 13-09-2024,2024,80 fdxzk-,jtr
253,dq-f[k-,ckfDalx,232650080,"vk- d`"".kk flag",73oha vf[ky Hkkjrh; iqfyl dq”rh DyLVj izfr;ksfxrk&2024 ,y[kuÅ,09-09-2024 ls 13-09-2024,2024,86 fdxzk-,jtr
254,dq-f[k-,ckfDalx,232330157,आ. जावेद,73oha vf[ky Hkkjrh; iqfyl dq”rh DyLVj izfr;ksfxrk&2024 ,y[kuÅ,09-09-2024 ls 13-09-2024,2024,51 fdxzk-,dkaL;
255,dq-f[k-,ckfDalx,232330223,आ. सुनील चौहान,73oha vf[ky Hkkjrh; iqfyl dq”rh DyLVj izfr;ksfxrk&2024 ,y[kuÅ,09-09-2024 ls 13-09-2024,2024,60 fdxzk-,dkaL;
256,dq-f[k-,ckfDalx,234130229,आ. सक्षम सिंह,73oha vf[ky Hkkjrh; iqfyl dq”rh DyLVj izfr;ksfxrk&2024 ,y[kuÅ,09-09-2024 ls 13-09-2024,2024,67 fdxzk-,dkaL;
257,dq-f[k-,ckfDalx,234240353,आ. विशाल यादव,73oha vf[ky Hkkjrh; iqfyl dq”rh DyLVj izfr;ksfxrk&2024 ,y[kuÅ,09-09-2024 ls 13-09-2024,2024,92 fdxzk-,dkaL;
258,dq-f[k-,ckfDalx,232510706,म.आ. कुसुम,73oha vf[ky Hkkjrh; iqfyl dq”rh DyLVj izfr;ksfxrk&2024 ,y[kuÅ,09-09-2024 ls 13-09-2024,2024,54 fdxzk-,dkaL;
259,dq-f[k-,ckfDalx,232510559,म.आ. सिवी,73oha vf[ky Hkkjrh; iqfyl dq”rh DyLVj izfr;ksfxrk&2024 ,y[kuÅ,09-09-2024 ls 13-09-2024,2024,60 fdxzk-,dkaL;
260,lkekU;,ckMh fcfYMax,62018047,मु आ सन्दीप कुमार,73oha vf[ky Hkkjrh; iqfyl dq”rh DyLVj izfr;ksfxrk&2024 ,y[kuÅ,09-09-2024 ls 13-09-2024,2024,100 fdxzk-,jtr
261,lkekU;,ckMh fcfYMax,162332373,आ रिंकू भाटी,73oha vf[ky Hkkjrh; iqfyl dq”rh DyLVj izfr;ksfxrk&2024 ,y[kuÅ,09-09-2024 ls 13-09-2024,2024,90 fdxzk-,dkaL;
262,lkekU;,ikoj fyf¶Vax,182141645,e-vk- jtuh,01oha vf[ky Hkkjrh; iqfyl HkkjksRrksyu DyLVj izfr;ksfxrk&2024,nqxZ] fHkykbZ,23-09-2024 ls 27-09-2024,2024,47 fdxzk-,jtr
263,lkekU;,ikoj fyf¶Vax,192412155,e-vk- iwtk ukxj,01oha vf[ky Hkkjrh; iqfyl HkkjksRrksyu DyLVj izfr;ksfxrk&2024,nqxZ] fHkykbZ,23-09-2024 ls 27-09-2024,2024,52 fdxzk-,jtr
264,lkekU;,ikoj fyf¶Vax,182536348,e-vk- laxhrk,01oha vf[ky Hkkjrh; iqfyl HkkjksRrksyu DyLVj izfr;ksfxrk&2024,nqxZ] fHkykbZ,23-09-2024 ls 27-09-2024,2024,57 fdxzk-,jtr
265,lkekU;,ikoj fyf¶Vax,182670637,"e-vk- iq""ik pkgj",01oha vf[ky Hkkjrh; iqfyl HkkjksRrksyu DyLVj izfr;ksfxrk&2024,nqxZ] fHkykbZ,23-09-2024 ls 27-09-2024,2024,63 fdxzk-,Lo.kZ
266,lkekU;,ikoj fyf¶Vax,190755634,vk- jkds'k dqekj,01oha vf[ky Hkkjrh; iqfyl HkkjksRrksyu DyLVj izfr;ksfxrk&2024,nqxZ] fHkykbZ,23-09-2024 ls 27-09-2024,2024,59 fdxzk-,jtr
267,lkekU;,ikoj fyf¶Vax,152012946,vk- iou dqekj 'kekZ,01oha vf[ky Hkkjrh; iqfyl HkkjksRrksyu DyLVj izfr;ksfxrk&2024,nqxZ] fHkykbZ,23-09-2024 ls 27-09-2024,2024,66 fdxzk-,Lo.kZ
268,lkekU;,ikoj fyf¶Vax,192121965,vk- dVkj flag,01oha vf[ky Hkkjrh; iqfyl HkkjksRrksyu DyLVj izfr;ksfxrk&2024,nqxZ] fHkykbZ,23-09-2024 ls 27-09-2024,2024,74 fdxzk-,Lo.kZ
269,lkekU;,ikoj fyf¶Vax,&,Qk;jeSu fo'kky pkS/kjh,01oha vf[ky Hkkjrh; iqfyl HkkjksRrksyu DyLVj izfr;ksfxrk&2024,nqxZ] fHkykbZ,23-09-2024 ls 27-09-2024,2024,83 fdxzk-,Lo.kZ
270,lkekU;,ikoj fyf¶Vax,&,e-vk- fiz;adk 'kqDyk,01oha vf[ky Hkkjrh; iqfyl HkkjksRrksyu DyLVj izfr;ksfxrk&2024,nqxZ] fHkykbZ,23-09-2024 ls 27-09-2024,2024,76 fdxzk-,dkaL;
271,dq-f[k-,HkkjksRrksyu,232030208,vk- jksfgr dqekj ;kno,01oha vf[ky Hkkjrh; iqfyl HkkjksRrksyu DyLVj izfr;ksfxrk&2024,nqxZ] fHkykbZ,23-09-2024 ls 27-09-2024,2024,55 fdxzk-,jtr
272,dq-f[k-,HkkjksRrksyu,234240294,vk- lqns'k dqekj ik.Ms;,01oha vf[ky Hkkjrh; iqfyl HkkjksRrksyu DyLVj izfr;ksfxrk&2024,nqxZ] fHkykbZ,23-09-2024 ls 27-09-2024,2024,61 fdxzk-,dkaL;
273,dq-f[k-,HkkjksRrksyu,234240236,e-vk- jk/kk lksuh,01oha vf[ky Hkkjrh; iqfyl HkkjksRrksyu DyLVj izfr;ksfxrk&2024,nqxZ] fHkykbZ,23-09-2024 ls 27-09-2024,2024,49 fdxzk-,dkaL;
274,dq-f[k-,HkkjksRrksyu,232010105,e-vk- 'kkfyuh,01oha vf[ky Hkkjrh; iqfyl HkkjksRrksyu DyLVj izfr;ksfxrk&2024,nqxZ] fHkykbZ,23-09-2024 ls 27-09-2024,2024,55 fdxzk-,jtr
275,dq-f[k-,HkkjksRrksyu,232510605,vk- izos'k cSlks;k,01oha vf[ky Hkkjrh; iqfyl HkkjksRrksyu DyLVj izfr;ksfxrk&2024,nqxZ] fHkykbZ,23-09-2024 ls 27-09-2024,2024,73 fdxzk-,dkaL;
276,dq-f[k-,HkkjksRrksyu,232650107,vk- vkdk'k,01oha vf[ky Hkkjrh; iqfyl HkkjksRrksyu DyLVj izfr;ksfxrk&2024,nqxZ] fHkykbZ,23-09-2024 ls 27-09-2024,2024,81 fdxzk-,dkaL;
277,dq-f[k-,HkkjksRrksyu,&,lyksuh flag,01oha vf[ky Hkkjrh; iqfyl HkkjksRrksyu DyLVj izfr;ksfxrk&2024,nqxZ] fHkykbZ,23-09-2024 ls 27-09-2024,2024,59 fdxzk-,dkaL;
278,dq-f[k-,HkkjksRrksyu,&,fl)kUr pkS/kjh,01oha vf[ky Hkkjrh; iqfyl HkkjksRrksyu DyLVj izfr;ksfxrk&2024,nqxZ] fHkykbZ,23-09-2024 ls 27-09-2024,2024,102 fdxzk-,Lo.kZ
279,lkekU;,HkkjksRrksyu,&,c`ts'k dqekj,01oha vf[ky Hkkjrh; iqfyl HkkjksRrksyu DyLVj izfr;ksfxrk&2024,nqxZ] fHkykbZ,23-09-2024 ls 27-09-2024,2024,89 fdxzk-,Lo.kZ
280,lkekU;,;ksxk,"182550616
162101007","lxqQk rkSghn]
liuk f}osnh",01oha vf[ky Hkkjrh; iqfyl HkkjksRrksyu DyLVj izfr;ksfxrk&2024,nqxZ] fHkykbZ,23-09-2024 ls 27-09-2024,2024,fjnfed is;j,dkaL;
281,lkekU;,;ksxk,&,"eq-vk- vuqjkx efyd
eq-vk- c`ts'k iz/kku",01oha vf[ky Hkkjrh; iqfyl HkkjksRrksyu DyLVj izfr;ksfxrk&2024,nqxZ] fHkykbZ,23-09-2024 ls 27-09-2024,2024,fjnfed is;j,Lo.kZ
282,lkekU;,;ksxk,&,fd'ku dqekj] c`ts'k iz/kku] vuqjkx efyd] jktdqekj fcUn] jfoUnz flag,01oha vf[ky Hkkjrh; iqfyl HkkjksRrksyu DyLVj izfr;ksfxrk&2024,nqxZ] fHkykbZ,23-09-2024 ls 27-09-2024,2024,vkfVZfLVd xzqi,jtr
283,lkekU;,;ksxk,&,"jktho dqekj
vjfoUn flag",01oha vf[ky Hkkjrh; iqfyl HkkjksRrksyu DyLVj izfr;ksfxrk&2024,nqxZ] fHkykbZ,23-09-2024 ls 27-09-2024,2024,vkfVZfLVd is;j,jtr
284,lkekU;,;ksxk,&,fjrq Bkdqj,01oha vf[ky Hkkjrh; iqfyl HkkjksRrksyu DyLVj izfr;ksfxrk&2024,nqxZ] fHkykbZ,23-09-2024 ls 27-09-2024,2024,28&35,Lo.kZ
285,lkekU;,;ksxk,&,fd”ku dqekj,01oha vf[ky Hkkjrh; iqfyl HkkjksRrksyu DyLVj izfr;ksfxrk&2024,nqxZ] fHkykbZ,23-09-2024 ls 27-09-2024,2024,lhfu;j ;ksxk,Lo.kZ
286,lkekU;,;ksxk,&,vuqjkx efyd,01oha vf[ky Hkkjrh; iqfyl HkkjksRrksyu DyLVj izfr;ksfxrk&2024,nqxZ] fHkykbZ,23-09-2024 ls 27-09-2024,2024,lhfu;j ;ksxk,jtr
287,lkekU;,;ksxk,&,fd”ku dqekj] jktdqekj,01oha vf[ky Hkkjrh; iqfyl HkkjksRrksyu DyLVj izfr;ksfxrk&2024,nqxZ] fHkykbZ,23-09-2024 ls 27-09-2024,2024,vkfVZfLVd is;j,dkaL;
288,lkekU;,;ksxk,&,fjrw Bkdqj] eksfudk “kqDyk,01oha vf[ky Hkkjrh; iqfyl HkkjksRrksyu DyLVj izfr;ksfxrk&2024,nqxZ] fHkykbZ,23-09-2024 ls 27-09-2024,2024,vkfVZfLVd is;j,jtr
289,lkekU;,;ksxk,&,egs”kpUnz R;kxh] gfjvkse falg] jktho dqekj] vjfoUn flag] dey flag,01oha vf[ky Hkkjrh; iqfyl HkkjksRrksyu DyLVj izfr;ksfxrk&2024,nqxZ] fHkykbZ,23-09-2024 ls 27-09-2024,2024,vkfVZfLVd ;ksxklu xzqi,jtr
290,lkekU;,;ksxk,&,Lkk/kuk ik.Ms;,01oha vf[ky Hkkjrh; iqfyl HkkjksRrksyu DyLVj izfr;ksfxrk&2024,nqxZ] fHkykbZ,23-09-2024 ls 27-09-2024,2024,lhfu;j ;ksxk,dkaL;
291,dq-f[k-,",FkysfVDl",232290301,e-vkj{kh mtkyk,"73oha vf[ky Hkkjrh; iqfyl ,FkysfVDl DyLVj izfr;ksfxrk&2024 ",ubZ fnYyh,10-11-2024 ls 14-11-2024,2024,10]000eh-,Lo.kZ
292,dq-f[k-,",FkysfVDl",232510719,vkj{kh fizUl dqekj,"73oha vf[ky Hkkjrh; iqfyl ,FkysfVDl DyLVj izfr;ksfxrk&2024 ",ubZ fnYyh,10-11-2024 ls 14-11-2024,2024,10]000eh-,Lo.kZ
293,dq-f[k-,",FkysfVDl",232530014,vkj{kh eks- vyhe,"73oha vf[ky Hkkjrh; iqfyl ,FkysfVDl DyLVj izfr;ksfxrk&2024 ",ubZ fnYyh,10-11-2024 ls 14-11-2024,2024,10]000eh-,jtr
294,dq-f[k-,",FkysfVDl",232030123,e-vkj{kh eerk iky,"73oha vf[ky Hkkjrh; iqfyl ,FkysfVDl DyLVj izfr;ksfxrk&2024 ",ubZ fnYyh,10-11-2024 ls 14-11-2024,2024,10]000eh-,dkaL;
295,dq-f[k-,",FkysfVDl",234100499,vkj{kh bjQku,"73oha vf[ky Hkkjrh; iqfyl ,FkysfVDl DyLVj izfr;ksfxrk&2024 ",ubZ fnYyh,10-11-2024 ls 14-11-2024,2024,800eh- ju,Lo.kZ
296,dq-f[k-,",FkysfVDl",232330278,e-vkj{kh [kq'kcw oekZ,"73oha vf[ky Hkkjrh; iqfyl ,FkysfVDl DyLVj izfr;ksfxrk&2024 ",ubZ fnYyh,10-11-2024 ls 14-11-2024,2024,fVªiy tEi,dkaL;
297,dq-f[k-,",FkysfVDl",234100183,vkj{kh dju dqekj ljkst,"73oha vf[ky Hkkjrh; iqfyl ,FkysfVDl DyLVj izfr;ksfxrk&2024 ",ubZ fnYyh,10-11-2024 ls 14-11-2024,2024,iksy okYV,dkaL;
298,lkekU;,",FkysfVDl",180540378,ihlh cyjke,"73oha vf[ky Hkkjrh; iqfyl ,FkysfVDl DyLVj izfr;ksfxrk&2024 ",ubZ fnYyh,10-11-2024 ls 14-11-2024,2024,10]000eh-,dkaL;
299,dq-f[k-,",FkysfVDl",232330092,vk- fjfrd ckfy;ku,"73oha vf[ky Hkkjrh; iqfyl ,FkysfVDl DyLVj izfr;ksfxrk&2024 ",ubZ fnYyh,10-11-2024 ls 14-11-2024,2024,LVhiy psl,Lo.kZ
300,dq-f[k-,",FkysfVDl",234240223,e-vk- fjfRodk flag,"73oha vf[ky Hkkjrh; iqfyl ,FkysfVDl DyLVj izfr;ksfxrk&2024 ",ubZ fnYyh,10-11-2024 ls 14-11-2024,2024,100eh- gMZy,dkaL;
301,dq-f[k-,",FkysfVDl",232030266,vk- lUnhi dqekj,"73oha vf[ky Hkkjrh; iqfyl ,FkysfVDl DyLVj izfr;ksfxrk&2024 ",ubZ fnYyh,10-11-2024 ls 14-11-2024,2024,gkbZ tEi,dkaL;
302,dq-f[k-,",FkysfVDl",232330050,vk- vkdk'k xzsgoky,"73oha vf[ky Hkkjrh; iqfyl ,FkysfVDl DyLVj izfr;ksfxrk&2024 ",ubZ fnYyh,10-11-2024 ls 14-11-2024,2024, 'kkViqV,jtr
303,dq-f[k-,",FkysfVDl",232650064,vk- f'koe pkS/kjh,"73oha vf[ky Hkkjrh; iqfyl ,FkysfVDl DyLVj izfr;ksfxrk&2024 ",ubZ fnYyh,10-11-2024 ls 14-11-2024,2024, 'kkViqV,dkaL;
304,dq-f[k-,",FkysfVDl",234240135,e-vk- js'kek iVsy,"73oha vf[ky Hkkjrh; iqfyl ,FkysfVDl DyLVj izfr;ksfxrk&2024 ",ubZ fnYyh,10-11-2024 ls 14-11-2024,2024,10fdeh okdpky,Lo.kZ
305,dq-f[k-,",FkysfVDl",232330164,vk- lfpu ;kno,"73oha vf[ky Hkkjrh; iqfyl ,FkysfVDl DyLVj izfr;ksfxrk&2024 ",ubZ fnYyh,10-11-2024 ls 14-11-2024,2024,tSofyu,Lo.kZ
306,dq-f[k-,",FkysfVDl",232510748,vk- vk;Zu pkS/kjh,"73oha vf[ky Hkkjrh; iqfyl ,FkysfVDl DyLVj izfr;ksfxrk&2024 ",ubZ fnYyh,10-11-2024 ls 14-11-2024,2024,ykWx tEi,Lo.kZ
307,dq-f[k-,",FkysfVDl",232510719,vk- fizUl dqekj,"73oha vf[ky Hkkjrh; iqfyl ,FkysfVDl DyLVj izfr;ksfxrk&2024 ",ubZ fnYyh,10-11-2024 ls 14-11-2024,2024,5000eh- ju,Lo.kZ
308,lkekU;,",FkysfVDl",180540378,ihlh cyjke,"73oha vf[ky Hkkjrh; iqfyl ,FkysfVDl DyLVj izfr;ksfxrk&2024 ",ubZ fnYyh,10-11-2024 ls 14-11-2024,2024,5000eh- ju,jtr
309,dq-f[k-,",FkysfVDl",232530014,vk- eks- vyhe,"73oha vf[ky Hkkjrh; iqfyl ,FkysfVDl DyLVj izfr;ksfxrk&2024 ",ubZ fnYyh,10-11-2024 ls 14-11-2024,2024,5000eh- ju,dkaL;
310,dq-f[k-,",FkysfVDl",&,fiz;adk fldjokj] jks'kuh ;kno] Vhuk] fjadh iky,"73oha vf[ky Hkkjrh; iqfyl ,FkysfVDl DyLVj izfr;ksfxrk&2024 ",ubZ fnYyh,10-11-2024 ls 14-11-2024,2024,4x100eh-,Lo.kZ
311,dq-f[k-,",FkysfVDl",&,yfo'k 'kekZ] f'kokax feJk] iadt] eksfgr dqekj,"73oha vf[ky Hkkjrh; iqfyl ,FkysfVDl DyLVj izfr;ksfxrk&2024 ",ubZ fnYyh,10-11-2024 ls 14-11-2024,2024,4x100eh-,Lo.kZ
312,lkekU;,",FkysfVDl",182480616,e-vk- euksjek,"73oha vf[ky Hkkjrh; iqfyl ,FkysfVDl DyLVj izfr;ksfxrk&2024 ",ubZ fnYyh,10-11-2024 ls 14-11-2024,2024,1500eh-,jtr
313,dq-f[k-,",FkysfVDl",232290082,e-vk- yoyh jktiwr,"73oha vf[ky Hkkjrh; iqfyl ,FkysfVDl DyLVj izfr;ksfxrk&2024 ",ubZ fnYyh,10-11-2024 ls 14-11-2024,2024,400eh- gMZy,jtr
314,dq-f[k-,",FkysfVDl",234130157,vk- vHk; ukjk;.k ;kno,"73oha vf[ky Hkkjrh; iqfyl ,FkysfVDl DyLVj izfr;ksfxrk&2024 ",ubZ fnYyh,10-11-2024 ls 14-11-2024,2024,400eh- gMZy,dkaL;
315,dq-f[k-,",FkysfVDl",232330281,e-vk- fiz;adk fldjokj,"73oha vf[ky Hkkjrh; iqfyl ,FkysfVDl DyLVj izfr;ksfxrk&2024 ",ubZ fnYyh,10-11-2024 ls 14-11-2024,2024,200eh,dkaL;
316,dq-f[k-,lkbfDyax,232510836,e-vk- :fpdk flag,"73oha vf[ky Hkkjrh; iqfyl ,FkysfVDl DyLVj izfr;ksfxrk&2024 ",ubZ fnYyh,10-11-2024 ls 14-11-2024,2024,30fdeh-,dkaL;
317,dq-f[k-,lkbfDyax,232330425,vkj{kh eqdqy,"73oha vf[ky Hkkjrh; iqfyl ,FkysfVDl DyLVj izfr;ksfxrk&2024 ",ubZ fnYyh,10-11-2024 ls 14-11-2024,2024,30fdeh-,dkaL;
318,dq-f[k-,lkbfDyax,232510214,e-vkj{kh vkjrh,"73oha vf[ky Hkkjrh; iqfyl ,FkysfVDl DyLVj izfr;ksfxrk&2024 ",ubZ fnYyh,10-11-2024 ls 14-11-2024,2024,80fdeh-,Lo.kZ
319,dq-f[k-,lkbfDyax,232510214,e-vkj{kh vkjrh,"73oha vf[ky Hkkjrh; iqfyl ,FkysfVDl DyLVj izfr;ksfxrk&2024 ",ubZ fnYyh,10-11-2024 ls 14-11-2024,2024,30fdeh-,jtr
320,lkekU;,lkbfDyax,180500420,vk- lquhy dqekj lkguh,"73oha vf[ky Hkkjrh; iqfyl ,FkysfVDl DyLVj izfr;ksfxrk&2024 ",ubZ fnYyh,10-11-2024 ls 14-11-2024,2024,20fdeh-,jtr
321,lkekU;,lkbfDyax,192032852,e-vk- vuhrk feJk,"73oha vf[ky Hkkjrh; iqfyl ,FkysfVDl DyLVj izfr;ksfxrk&2024 ",ubZ fnYyh,10-11-2024 ls 14-11-2024,2024,15fdeh-,dkaL;
322,lkekU;,lkbfDyax,190733838,vk- jfo dqekj,"73oha vf[ky Hkkjrh; iqfyl ,FkysfVDl DyLVj izfr;ksfxrk&2024 ",ubZ fnYyh,10-11-2024 ls 14-11-2024,2024,20fdeh-,dkaL;
323,lkekU;,आर्चरी,160450846,मु.आ.जयदीप कुशवाहा,13वीं अखिल भारतीय पुलिस आर्चरी प्रतियोगिता 2024,39BN ITBP ग्रेटर नोएडा,09.12.2024 से 13.12.2024 तक,2024,इण्डियन राउण्ड 50 मीटर (पुरूष),jtr
324,dq-f[k-,आर्चरी,232290284,आ. वासू सैनी,13वीं अखिल भारतीय पुलिस आर्चरी प्रतियोगिता 2024,39BN ITBP ग्रेटर नोएडा,09.12.2024 से 13.12.2024 तक,2024,ओलम्पिक राउण्ड,dkaL;
325,dq-f[k-,आर्चरी,232030064,म.आ. दीपिका पाण्डेय,13वीं अखिल भारतीय पुलिस आर्चरी प्रतियोगिता 2024,39BN ITBP ग्रेटर नोएडा,09.12.2024 से 13.12.2024 तक,2024,इण्डियन राउण्ड 30 मीटर (महिला),Lo.kZ
326,dq-f[k-,आर्चरी,232030064,म.आ. दीपिका पाण्डेय,13वीं अखिल भारतीय पुलिस आर्चरी प्रतियोगिता 2024,39BN ITBP ग्रेटर नोएडा,09.12.2024 से 13.12.2024 तक,2024,ऑल ओवर,Lo.kZ
327,dq-f[k-,आर्चरी,232030064,म.आ. दीपिका पाण्डेय,13वीं अखिल भारतीय पुलिस आर्चरी प्रतियोगिता 2024,39BN ITBP ग्रेटर नोएडा,09.12.2024 से 13.12.2024 तक,2024,ओलम्पिक राउण्ड,Lo.kZ
328,dq-f[k-@lk-,आर्चरी,"160450846
232030064","मु.आ.जयदीप कुशवाहा
म.आ. दीपिका पाण्डेय",13वीं अखिल भारतीय पुलिस आर्चरी प्रतियोगिता 2024,39BN ITBP ग्रेटर नोएडा,09.12.2024 से 13.12.2024 तक,2024,मिक्स टीम,dkaL;
329,dq-f[k-,आर्चरी,234240366,आ. श्रेय भारद्वाज,13वीं अखिल भारतीय पुलिस आर्चरी प्रतियोगिता 2024,39BN ITBP ग्रेटर नोएडा,09.12.2024 से 13.12.2024 तक,2024,रिकर्व राउण्ड 30 मीटर (पुरूष),Lo.kZ
330,dq-f[k-,आर्चरी,234240366,आ. श्रेय भारद्वाज,13वीं अखिल भारतीय पुलिस आर्चरी प्रतियोगिता 2024,39BN ITBP ग्रेटर नोएडा,09.12.2024 से 13.12.2024 तक,2024,रिकर्व राउण्ड 70 मीटर (पुरूष),jtr
331,dq-f[k-,आर्चरी,234240366,आ. श्रेय भारद्वाज,13वीं अखिल भारतीय पुलिस आर्चरी प्रतियोगिता 2024,39BN ITBP ग्रेटर नोएडा,09.12.2024 से 13.12.2024 तक,2024,ऑल ओवर,jtr
332,dq-f[k-,आर्चरी,230490972,आ.तरूण कुमार दीक्षित,13वीं अखिल भारतीय पुलिस आर्चरी प्रतियोगिता 2024,39BN ITBP ग्रेटर नोएडा,09.12.2024 से 13.12.2024 तक,2024,कम्पाउण्ड राउण्ड 50 मीटर प्रथम राउण्ड (पुरूष),Lo.kZ
333,dq-f[k-,आर्चरी,230490972,आ.तरूण कुमार दीक्षित,13वीं अखिल भारतीय पुलिस आर्चरी प्रतियोगिता 2024,39BN ITBP ग्रेटर नोएडा,09.12.2024 से 13.12.2024 तक,2024,ऑल ओवर,Lo.kZ
334,dq-f[k-,आर्चरी,230490972,आ.तरूण कुमार दीक्षित,13वीं अखिल भारतीय पुलिस आर्चरी प्रतियोगिता 2024,39BN ITBP ग्रेटर नोएडा,09.12.2024 से 13.12.2024 तक,2024,ओलम्पिक राउण्ड,dkaL;
335,dq-f[k-,आर्चरी,230490972,आ.तरूण कुमार दीक्षित,13वीं अखिल भारतीय पुलिस आर्चरी प्रतियोगिता 2024,39BN ITBP ग्रेटर नोएडा,09.12.2024 से 13.12.2024 तक,2024,कम्पाउण्ड राउण्ड 50 मीटर द्वितीय राउण्ड (पुरूष),dkaL;
336,dq-f[k-,आर्चरी,232290200,आ. हर्ष वालियान,13वीं अखिल भारतीय पुलिस आर्चरी प्रतियोगिता 2024,39BN ITBP ग्रेटर नोएडा,09.12.2024 से 13.12.2024 तक,2024,कम्पाउण्ड राउण्ड 50 मीटर (पुरूष),jtr
337,dq-f[k-,आर्चरी,"230490972
232290226
232330021
232290200","आ.तरूण कुमार दीक्षित
आ. अनन्त सैनी
आ.निशान्त मलिक
आ. हर्ष वालियान",13वीं अखिल भारतीय पुलिस आर्चरी प्रतियोगिता 2024,39BN ITBP ग्रेटर नोएडा,09.12.2024 से 13.12.2024 तक,2024,टीम ईवेन्ट,Lo.Kz
338,lkekU;,dEI;wVj vos;us'k,"170952967
175092581","vfiZr xqIrk
etgj beke",68oha vf[ky Hkkjrh; iqfyl M~;wVh ehV izfr;ksfxrk 2024&25,jkaph >kj[k.M,"10-02-2025 ls 
15-02-2025 ",2025,dEI;wVj vos;usl bosUV&lll,Lo.kZ
339,dq-f[k-,okVj LiksVZ~l,"232290343
234100239","djuchj flag fHkUMj
“kksfHkr ik.Ms;", 24oha vf[ky Hkkjrh; iqfyl okVjLiksV~Zl izfr;ksfxrk ,Hkksiky,"17-02-2025 ls
21-02-2025",2025,jkbZax 2000eh- Mcy Ldy,Lo.kZ
340,dq-f[k-@lk-,okVj LiksVZ~l,"234240470
190721163
232510937
232330601 ","nhika”kq Hkkjrh;
c`teksgu ;kno
g’kZ dqekj
jkSud", 24oha vf[ky Hkkjrh; iqfyl okVjLiksV~Zl izfr;ksfxrk ,Hkksiky,"17-02-2025 ls
21-02-2025",2025,D;kfdax ds&4 1000eh-,Lo.kZ
341,dq-f[k-,okVj LiksVZ~l,"232031780
232510331
232330513
232010192","vkfnR; flag
yksds”k
fuf[ky dqekj
lks;y", 24oha vf[ky Hkkjrh; iqfyl okVjLiksV~Zl izfr;ksfxrk ,Hkksiky,"17-02-2025 ls
21-02-2025",2025,jkbZax 2000 M Coxless Four,jtr
342,dq-f[k-,okVj LiksVZ~l,"232510953
232510881","iznhi dqekj
vHk;", 24oha vf[ky Hkkjrh; iqfyl okVjLiksV~Zl izfr;ksfxrk ,Hkksiky,"17-02-2025 ls
21-02-2025",2025,dSuks lh&2 1000eh-,jtr
343,dq-f[k-,okVj LiksVZ~l,"232290372
232010118","lR;e ckfy;ku
cyohj tkV", 24oha vf[ky Hkkjrh; iqfyl okVjLiksV~Zl izfr;ksfxrk ,Hkksiky,"17-02-2025 ls
21-02-2025",2025,D;kfdax ds&2 1000eh-,dkaL;
344,dq-f[k-,okVj LiksVZ~l,"232510139
232510865
232510201
232290369","vt;ohj flag
g’kZ ukany
fiz;ka”kq ukxj
doythr flag", 24oha vf[ky Hkkjrh; iqfyl okVjLiksV~Zl izfr;ksfxrk ,Hkksiky,"17-02-2025 ls
21-02-2025",2025,dSuks lh&4 1000eh-,dkaL;
345,dq-f[k-,okVj LiksVZ~l,232330584,fo'kky dqekj, 24oha vf[ky Hkkjrh; iqfyl okVjLiksV~Zl izfr;ksfxrk ,Hkksiky,"17-02-2025 ls
21-02-2025",2025,dSuks lh&1 500eh-,Lo.kZ
346,dq-f[k-,okVj LiksVZ~l,232330584,fo'kky dqekj, 24oha vf[ky Hkkjrh; iqfyl okVjLiksV~Zl izfr;ksfxrk ,Hkksiky,"17-02-2025 ls
21-02-2025",2025,dSuks lh&1 1000eh-,Lo.kZ
347,dq-f[k-,okVj LiksVZ~l,"234240470
232510184
232510937
232330601","nhika”kq Hkkjrh;
vfHkuo
g’kZ dqekj
jkSud", 24oha vf[ky Hkkjrh; iqfyl okVjLiksV~Zl izfr;ksfxrk ,Hkksiky,"17-02-2025 ls
21-02-2025",2025,D;kfdax ds&4 500eh,Lo.kZ
348,dq-f[k-,okVj LiksVZ~l,&,vfHkeU;q iVsy, 24oha vf[ky Hkkjrh; iqfyl okVjLiksV~Zl izfr;ksfxrk ,Hkksiky,"17-02-2025 ls
21-02-2025",2025,D;kfdax ds&1 500eh,Lo.kZ
349,dq-f[k-,okVj LiksVZ~l,"232510083
232510881
232510865
232510953","fufru flag
vHk;
g""kZ ukany
iznhi dqekj", 24oha vf[ky Hkkjrh; iqfyl okVjLiksV~Zl izfr;ksfxrk ,Hkksiky,"17-02-2025 ls
21-02-2025",2025,dSuks lh&4 500eh-,jtr
350,dq-f[k-,okVj LiksVZ~l,"232510953
232510881","iznhi dqekj
vHk;", 24oha vf[ky Hkkjrh; iqfyl okVjLiksV~Zl izfr;ksfxrk ,Hkksiky,"17-02-2025 ls
21-02-2025",2025,dSuks lh&2 500eh-,jtr
351,dq-f[k-,okVj LiksVZ~l,"232290372
232010118","lR;e ckfy;ku
cyohj tkV", 24oha vf[ky Hkkjrh; iqfyl okVjLiksV~Zl izfr;ksfxrk ,Hkksiky,"17-02-2025 ls
21-02-2025",2025,D;kfdax ds&2 500eh,dkaL;
352,dq-f[k-,okVj LiksVZ~l,232010176,xksfoUn flag jktiwr, 24oha vf[ky Hkkjrh; iqfyl okVjLiksV~Zl izfr;ksfxrk ,Hkksiky,"17-02-2025 ls
21-02-2025",2025,500eh- flaxy Ldy,jtr
353,dq-f[k-,okVj LiksVZ~l,"232290343
234100239","djuchj flag fHkUMj
“kksfHkr ik.Ms;", 24oha vf[ky Hkkjrh; iqfyl okVjLiksV~Zl izfr;ksfxrk ,Hkksiky,"17-02-2025 ls
21-02-2025",2025,500eh- Mcy Ldy,jtr
354,dq-f[k-,okVj LiksVZ~l,"232510881
232510201","vHk;
fiz;ka'kq ukxj", 24oha vf[ky Hkkjrh; iqfyl okVjLiksV~Zl izfr;ksfxrk ,Hkksiky,"17-02-2025 ls
21-02-2025",2025,200eh- dSuks 2,jtr
355,dq-f[k-,ftEukfLVd,"234240467
234240441
234240395
232290356
232031823
232510113
232330441","vkj{kh la{ksi ;kno
luh flag
eks- vQlkj [kku
vkdk”k vk;Z
lanhi dqekj
Hkxr flag
v{kr",izFke vf[ky Hkkjrh; iqfyl dcM~Mh DyLVj izfr;ksfxrk,tkya/kj] iatkc ,02-03-2025 ls 06-03-2025 ,2025,Vhe bosUV,dkaL;
356,dq-f[k-,ftEukfLVd,234240441,luh flag,izFke vf[ky Hkkjrh; iqfyl dcM~Mh DyLVj izfr;ksfxrk,tkya/kj] iatkc ,02-03-2025 ls 06-03-2025 ,2025,vkWy jkm.M,dkaL;
357,dq-f[k-,ftEukfLVd,232510113,Hkxr flag,izFke vf[ky Hkkjrh; iqfyl dcM~Mh DyLVj izfr;ksfxrk,tkya/kj] iatkc ,02-03-2025 ls 06-03-2025 ,2025,¶yksj,Lo.kZ
358,dq-f[k-,ftEukfLVd,232330441,v{kr,izFke vf[ky Hkkjrh; iqfyl dcM~Mh DyLVj izfr;ksfxrk,tkya/kj] iatkc ,02-03-2025 ls 06-03-2025 ,2025,ikesy gklZ,jtr
359,dq-f[k-,ftEukfLVd,232290356,vkdk”k vk;Z,izFke vf[ky Hkkjrh; iqfyl dcM~Mh DyLVj izfr;ksfxrk,tkya/kj] iatkc ,02-03-2025 ls 06-03-2025 ,2025,iSjyy ckj,Lo.kZ
360,lkekU;,Qsaflax,&,"vkj{kh fd”ku flag
vkj{kh txnh”k
vkj{kh veu dqekj
vkj{kh dfiy fldjokj",izFke vf[ky Hkkjrh; iqfyl dcM~Mh DyLVj izfr;ksfxrk,tkya/kj] iatkc ,02-03-2025 ls 06-03-2025 ,2025,"lscj Vhe bosUV iq:""k",dkaL;
361,lkekU;,Qsaflax,&,"vkj{kh lqear izlkn
vkj{kh jfo ?kwfl;k
vkj{kh “kSysUnz dqekj jke
vkj{kh “kf”kdkar tSlokj",izFke vf[ky Hkkjrh; iqfyl dcM~Mh DyLVj izfr;ksfxrk,tkya/kj] iatkc ,02-03-2025 ls 06-03-2025 ,2025,"¶okby Vhe bosUV iq:""k",dkaL;
362,lkekU;,Qsaflax,&,"vkj{kh fizal pkS/kjh
vkj{kh mes”k ;kno
vkj{kh tksxsUnz
vkj{kh va”kfxu dqekj",izFke vf[ky Hkkjrh; iqfyl dcM~Mh DyLVj izfr;ksfxrk,tkya/kj] iatkc ,02-03-2025 ls 06-03-2025 ,2025,"bZih Vhe bosUV iq:""k",dkaL;
363,lkekU;,Qsaflax,&,"e-vkj{kh lSQkyh iky
e-vkj{kh fiz;adk f}osnh
e-vkj{kh f”k[kk 
e-vkj{kh [kq”kcw",izFke vf[ky Hkkjrh; iqfyl dcM~Mh DyLVj izfr;ksfxrk,tkya/kj] iatkc ,02-03-2025 ls 06-03-2025 ,2025,lscj Vhe bosUV efgyk,dkaL;
364,lkekU;,Qsaflax,&,"e-vkj{kh oanuk ;kno
e-vkj{kh “kqjfHk
e-vkj{kh f”kYih
e-vkj{kh vuhrk",izFke vf[ky Hkkjrh; iqfyl dcM~Mh DyLVj izfr;ksfxrk,tkya/kj] iatkc ,02-03-2025 ls 06-03-2025 ,2025,¶okby Vhe bosUV efgyk,dkaL;
365,dq-f[k-@lk-,dcM~Mh,&,vtqZu ns'koky] vt; jkBh] fofur uSu] /kuUt; dqekj] yfyr pkS/kjh] 'kqHke dqekj] vktkn flag] vtosUnz flag] ikfjrks'k rsofr;k] fuxe pkS/kjh] vadq'k dqekj] fodze izrki falag,izFke vf[ky Hkkjrh; iqfyl dcM~Mh DyLVj izfr;ksfxrk,tkya/kj] iatkc ,02-03-2025 ls 06-03-2025 ,2025,"Vhe bosUV iq:""k",Lo.kZ
366,dq-f[k-@lk-,dcM~Mh,232290141 232330614 232032044 232032057 232510256 232290167 232510298 232330627 232510025 192674890 162294024 162803798 ,"f'kokuh
Lusgk
vpZuk ;kno
csoh ;kno
eUuw
vuq
fiz;k
o""kkZ rkfy;ku
vpZuk
o""kkZ R;kxh
lksfudk ukxj
usgk",izFke vf[ky Hkkjrh; iqfyl dcM~Mh DyLVj izfr;ksfxrk,tkya/kj] iatkc ,02-03-2025 ls 06-03-2025 ,2025,Vhe bosUV efgyk,jtr
367,lkekU;,lsid Vdjk,,"e-vkj{kh izhrh
Losrk rksej
fjadh iVsy
fjadh
izfrdk vk;kZ
dq”kqe jkuh
eksfguh Jhokl
“k”kh izHkk
T;ksfr
fiz;adk Nksdj
fjpk
Lokrh flag
izhrh xqIrk
yrk dqekjh
fjfrdk “kekZ",73oha vf[ky Hkkjrh; iqfyl okyhcky DyLVj  izfr;ksfxrk ,e/kqou djuky,07-03-2025 ls 11-03-2025,2025,Vhe bosUV efgyk,dkaL;
368,lkekU;,lsid Vdjk,,"eksfgr xksLokeh
ukjk;.k flag
fu'kkUr rksej
veu
fo'kky ;kno
fgeka'kq jk;",73oha vf[ky Hkkjrh; iqfyl okyhcky DyLVj  izfr;ksfxrk ,e/kqou djuky,07-03-2025 ls 11-03-2025,2025,"DokM bosUV iq:""k",dkaL;
369,lkekU;, 'kwfVax M~;wVhehV,030540154,gsdk rtsUnz flag,25oha vf[ky Hkkjrh; iqfyl “kwfVax M~;wVhehV ¼esu½ izfr;ksfxrk 2024&25,psaxyiV~Vw,17-03-2025 ls 22-03-2025,2025,50;kMZ LuSi “kwfVax dkckZbu,dkaL;
1,dq-f[k-,rSjkdh,&,jksfgr 'kekZ,72oha vf[ky Hkkjrh; iqfyl rSjkdh@ØkWld.Vªh izfr;ksfxrk 2024&25,xka/khuxj] xqtjkr,24-03-2025 ls 28-03-2025 ,2025,200eh0 Breast stroke,Lo.kZ
2,dq-f[k-,rSjkdh,232650123,fj;k oekZ,72oha vf[ky Hkkjrh; iqfyl rSjkdh@ØkWld.Vªh izfr;ksfxrk 2024&25,xka/khuxj] xqtjkr,24-03-2025 ls 28-03-2025 ,2025,50eh0 Breast stroke,Lo.kZ
3,dq-f[k-,rSjkdh,&,jksfgr 'kekZ,72oha vf[ky Hkkjrh; iqfyl rSjkdh@ØkWld.Vªh izfr;ksfxrk 2024&25,xka/khuxj] xqtjkr,24-03-2025 ls 28-03-2025 ,2025,50eh0 Breast stroke,jtr
4,dq-f[k-,rSjkdh,"234130085
232330366
232650123
232032031","rq""kkj jk;
gf""kZr fujoku
fj;k oekZ
oUnuk lkguh",72oha vf[ky Hkkjrh; iqfyl rSjkdh@ØkWld.Vªh izfr;ksfxrk 2024&25,xka/khuxj] xqtjkr,24-03-2025 ls 28-03-2025 ,2025,Qzh LVkby feDl fjys 4x50,dkaL;
5,dq-f[k-,rSjkdh,232650123,fj;k oekZ,72oha vf[ky Hkkjrh; iqfyl rSjkdh@ØkWld.Vªh izfr;ksfxrk 2024&25,xka/khuxj] xqtjkr,24-03-2025 ls 28-03-2025 ,2025,50eh- Qzh Lvkby,jtr 
6,dq-f[k-,rSjkdh,232032031,oUnkuk lkguh,72oha vf[ky Hkkjrh; iqfyl rSjkdh@ØkWld.Vªh izfr;ksfxrk 2024&25,xka/khuxj] xqtjkr,24-03-2025 ls 28-03-2025 ,2025,50eh- Qzh Lvkby,dkaL;
7,dq-f[k-,rSjkdh,234100792,vukfedk lkguh,72oha vf[ky Hkkjrh; iqfyl rSjkdh@ØkWld.Vªh izfr;ksfxrk 2024&25,xka/khuxj] xqtjkr,24-03-2025 ls 28-03-2025 ,2025,200eh- cVj¶ykbZ,dkaL;
8,dq-f[k-,rSjkdh,232650123,fj;k oekZ,72oha vf[ky Hkkjrh; iqfyl rSjkdh@ØkWld.Vªh izfr;ksfxrk 2024&25,xka/khuxj] xqtjkr,24-03-2025 ls 28-03-2025 ,2025,100eh0 Breast stroke ,Lo.kZ
9,dq-f[k-,rSjkdh,232032031,oUnkuk lkguh,72oha vf[ky Hkkjrh; iqfyl rSjkdh@ØkWld.Vªh izfr;ksfxrk 2024&25,xka/khuxj] xqtjkr,24-03-2025 ls 28-03-2025 ,2025,100eh0 Qzh LVkbZy,dkaL;
10,dq-f[k-,rSjkdh,232032031,oUnkuk lkguh,72oha vf[ky Hkkjrh; iqfyl rSjkdh@ØkWld.Vªh izfr;ksfxrk 2024&25,xka/khuxj] xqtjkr,24-03-2025 ls 28-03-2025 ,2025,50eh- cVj¶ykbZ,dkaL;
11,dq-f[k-,rSjkdh,234100792,vukfedk lkguh,72oha vf[ky Hkkjrh; iqfyl rSjkdh@ØkWld.Vªh izfr;ksfxrk 2024&25,xka/khuxj] xqtjkr,24-03-2025 ls 28-03-2025 ,2025,800eh0 Qzh LVkbZy,dkaL;
12,dq-f[k-,rSjkdh,,vkj{kh jksfgr “kekZ,72oha vf[ky Hkkjrh; iqfyl rSjkdh@ØkWld.Vªh izfr;ksfxrk 2024&25,xka/khuxj] xqtjkr,24-03-2025 ls 28-03-2025 ,2025,100eh0 Breast stroke ,Lo.kZ
13,dq-f[k-,ØkWld.Vªh,"232030123
232030051
232030093
232530102","e-vkj{kh eerk iky
e-vkj{kh f”kYih ;kno
e-vkj{kh izseyrk
e-vkj{kh dkty pdzorhZ",72oha vf[ky Hkkjrh; iqfyl rSjkdh@ØkWld.Vªh izfr;ksfxrk 2024&25,xka/khuxj] xqtjkr,24-03-2025 ls 28-03-2025 ,2025,Vhe bosUV ¼ØkWld.Vªh½,Lo.kZ
14,dq-f[k-@lk-,ØkWld.Vªh,"180540378
232510719
232510533
232330193","m-fu- cyjke
vkj{kh fizUl dqekj
vkj{kh fj’khiky flag
vkj{kh nsosUnz pkS/kjh",72oha vf[ky Hkkjrh; iqfyl rSjkdh@ØkWld.Vªh izfr;ksfxrk 2024&25,xka/khuxj] xqtjkr,24-03-2025 ls 28-03-2025 ,2025,Vhe bosUV ¼ØkWld.Vªh½,Lo.kZ
15,lkekU;,ØkWld.Vªh,180540378,m-fu- cyjke,72oha vf[ky Hkkjrh; iqfyl rSjkdh@ØkWld.Vªh izfr;ksfxrk 2024&25,xka/khuxj] xqtjkr,24-03-2025 ls 28-03-2025 ,2025,10fdeh,Lo.kZ
16,dq-f[k-,ØkWld.Vªh,232510719,vkj{kh fizUl dqekj,72oha vf[ky Hkkjrh; iqfyl rSjkdh@ØkWld.Vªh izfr;ksfxrk 2024&25,xka/khuxj] xqtjkr,24-03-2025 ls 28-03-2025 ,2025,Vhe bosUV ¼ØkWld.Vªh½,jtr
17,dq-f[k-,ØkWld.Vªh,232030123,e-vkj{kh eerk iky,72oha vf[ky Hkkjrh; iqfyl rSjkdh@ØkWld.Vªh izfr;ksfxrk 2024&25,xka/khuxj] xqtjkr,24-03-2025 ls 28-03-2025 ,2025,Vhe bosUV ¼ØkWld.Vªh½,dkaL;
18,dq-f[k-, 'kwfVax LiksV~lZ,"232290473
232570386
232510126","vkj{kh fu”kkar rksej
vkj{kh xkSjo “kekZ
vkj{kh vueksy vjksjk",18oha vf[ky Hkkjrh; iqfyl “kwfVax LiksV~lZ izfr;ksfxrk 2024&25,bUnkSj,24-03-2025 ls 29-03-2025 ,2025,25eh- jSfiM Qk;j fiLVy ¼Vhe bosUV½,dkaL;
19,dq-f[k-, 'kwfVax LiksV~lZ,232510432,vkj{kh veu jkoy,18oha vf[ky Hkkjrh; iqfyl “kwfVax LiksV~lZ izfr;ksfxrk 2024&25,bUnkSj,24-03-2025 ls 29-03-2025 ,2025,"50eh- jkbQy
¼Fkzh iksth”ku½",dkaL;
20,dq-f[k-, 'kwfVax LiksV~lZ,&,"e-vkj{kh vYdqe fu'kk
e-vkj{kh jf'e dqekjh
e-vkj{kh iwtk oekZ",18oha vf[ky Hkkjrh; iqfyl “kwfVax LiksV~lZ izfr;ksfxrk 2024&25,bUnkSj,24-03-2025 ls 29-03-2025 ,2025,"50eh- jkbQy
¼izksu iksth”ku½",Lo.kZ
21,dq-f[k-, 'kwfVax LiksV~lZ,&,vkj{kh 'k'kkad f=ikBh,18oha vf[ky Hkkjrh; iqfyl “kwfVax LiksV~lZ izfr;ksfxrk 2024&25,bUnkSj,24-03-2025 ls 29-03-2025 ,2025,"50eh- jkbQy
¼izksu iksth”ku½",Lo.kZ
22,dq-f[k-, 'kwfVax LiksV~lZ,&,"e-vkj{kh euh""kk iky
e-vkj{kh usgk
e-vkj{kh efgek dEckst",18oha vf[ky Hkkjrh; iqfyl “kwfVax LiksV~lZ izfr;ksfxrk 2024&25,bUnkSj,24-03-2025 ls 29-03-2025 ,2025,"10eh- ,;j fiLVy",Lo.kZ
23,dq-f[k-, 'kwfVax LiksV~lZ,&,"e-vkj{kh euh""kk iky",18oha vf[ky Hkkjrh; iqfyl “kwfVax LiksV~lZ izfr;ksfxrk 2024&25,bUnkSj,24-03-2025 ls 29-03-2025 ,2025,"10eh- ,;j fiLVy",Lo.kZ
24,dq-f[k-, 'kwfVax LiksV~lZ,&,e-vkj{kh usgk,18oha vf[ky Hkkjrh; iqfyl “kwfVax LiksV~lZ izfr;ksfxrk 2024&25,bUnkSj,24-03-2025 ls 29-03-2025 ,2025,"10eh- ,;j fiLVy",jtr
25,dq-f[k-, 'kwfVax LiksV~lZ,&,e-vkj{kh vYdqe fu'kk,18oha vf[ky Hkkjrh; iqfyl “kwfVax LiksV~lZ izfr;ksfxrk 2024&25,bUnkSj,24-03-2025 ls 29-03-2025 ,2025,"50eh- jkbQy
¼izksu iksth”ku½",jtr
26,dq-f[k-@lk-,"ckLdsVcky 
¼efgyk Vhe½","232290529
232510096
232031995
234103586
234240382
232290402
234240542
232010134
234103645","fyizkebZ lriFkh
lk{kh flag
cj[kk lksudj
eulk chih
jkxuh >ka
vuqjk/kk lsB
uSUlh xqIrk
eukyh cksjk
vuqlqbZ;k luy th ukFk",izFke vf[ky Hkkjrh; iqfyl gS.Mcky@ckLdsVcky izfr;ksfxkr 2024&25,y[kuÅ,07-04-2025 ls 11-04-2025,2025,&,Lo.kZ
27,dq-f[k-@lk-,"ckLdsVcky 
¼iq:""k Vhe½","190745516
182664351
180590562
190575832
183211297
232330395
234103674
202151643
232290516
232510878
2988
3249","vkdk'k iokaj
lR;thr pijkuk
fgeka'kw flag
lfpu pkS/kjh
 'kjn lw;Zoa'kh
QSly [kku
v{k; dqekj Mh
dqynhi flag
fnfXot; flag
g""kZ Mkxj
eks- dSQ
dq'ky flag",izFke vf[ky Hkkjrh; iqfyl gS.Mcky@ckLdsVcky izfr;ksfxkr 2024&25,y[kuÅ,07-04-2025 ls 11-04-2025,2025,&,Lo.kZ
28,dq-f[k-@lk-,cSMfeUVu,&,efgyk Vhe,izFke vf[ky Hkkjrh; iqfyl cSMfeUVu DyLVj izfr;ksfxrk 2024&25,dksPph] dsjy ,11-04-2025 ls 15-04-2025 ,2025,Vhe pSfEi;uf'ki,jtr
29,dq-f[k-@lk-,cSMfeUVu,&,"iq:""k Vhe",izFke vf[ky Hkkjrh; iqfyl cSMfeUVu DyLVj izfr;ksfxrk 2024&25,dksPph] dsjy ,11-04-2025 ls 15-04-2025 ,2025,Vhe pSfEi;uf'ki,jtr
30,dq-f[k-,cSMfeUVu,&,"tquSn vUlkjh
fjpk ;kno",izFke vf[ky Hkkjrh; iqfyl cSMfeUVu DyLVj izfr;ksfxrk 2024&25,dksPph] dsjy ,11-04-2025 ls 15-04-2025 ,2025,fefJr ;qxy vksiu,dkaL;
31,dq-f[k-,cSMfeUVu,234240308,"jktu ;kno
fleju pkS/kjh",izFke vf[ky Hkkjrh; iqfyl cSMfeUVu DyLVj izfr;ksfxrk 2024&25,dksPph] dsjy ,11-04-2025 ls 15-04-2025 ,2025,fefJr ;qxy vksiu,Lo.kZ
32,dq-f[k-,cSMfeUVu,232530030,tquSn vUlkjh o vU;,izFke vf[ky Hkkjrh; iqfyl cSMfeUVu DyLVj izfr;ksfxrk 2024&25,dksPph] dsjy ,11-04-2025 ls 15-04-2025 ,2025,vksiu McYl,dkaL;
33,dq-f[k-,cSMfeUVu,232510852,fleju pkS/kjh,izFke vf[ky Hkkjrh; iqfyl cSMfeUVu DyLVj izfr;ksfxrk 2024&25,dksPph] dsjy ,11-04-2025 ls 15-04-2025 ,2025,efgyk flxYl,dkaL;
34,dq-f[k-,cSMfeUVu,234240164,fjpk ;kno,izFke vf[ky Hkkjrh; iqfyl cSMfeUVu DyLVj izfr;ksfxrk 2024&25,dksPph] dsjy ,11-04-2025 ls 15-04-2025 ,2025,efgyk flxYl,dkaL;
35,dq-f[k-@lk-,cSMfeUVu,"232510618
232510621","dfiy
fi;w""k",izFke vf[ky Hkkjrh; iqfyl cSMfeUVu DyLVj izfr;ksfxrk 2024&25,dksPph] dsjy ,11-04-2025 ls 15-04-2025 ,2025,"iq:""k ;qxy vksiu",jtr
36,dq-f[k-@lk-,cSMfeUVu,&,"fleju pkS/kjh
fjpk ;kno",izFke vf[ky Hkkjrh; iqfyl cSMfeUVu DyLVj izfr;ksfxrk 2024&25,dksPph] dsjy ,11-04-2025 ls 15-04-2025 ,2025,efgyk ;qxy,jtr
37,lsuk-,cSMfeUVu,&,Jherh pk: fuxe,izFke vf[ky Hkkjrh; iqfyl cSMfeUVu DyLVj izfr;ksfxrk 2024&25,dksPph] dsjy ,11-04-2025 ls 15-04-2025 ,2025,jktif=r efgyk flaxYl,dkaL;
38,dq-f[k-@lk-,Vscy Vsful,&,"jkgqy pkS/kjh
vjfoUn pkS/kjh
d`"".kk flag
lqczrjkt oekZ
fo'kky jkt",izFke vf[ky Hkkjrh; iqfyl cSMfeUVu DyLVj ¼cSMfeUVu@Vscy Vsful½ izfr;ksfxrk 2024&25,dksPph] dsjy ,11-04-2025 ls 15-04-2025 ,2025,"iq:""k Vhe pSfEi;uf'ki",Lo.kZ
39,dq-f[k-@lk-,Vscy Vsful,&,"jkgqy pkS/kjh
vjfoUn pkS/kjh",izFke vf[ky Hkkjrh; iqfyl cSMfeUVu DyLVj ¼cSMfeUVu@Vscy Vsful½ izfr;ksfxrk 2024&25,dksPph] dsjy ,11-04-2025 ls 15-04-2025 ,2025,vksiu McYl,Lo.kZ
40,dq-f[k-,Vscy Vsful,&,"lqczrjkt oekZ
J`f""V tk;loky",izFke vf[ky Hkkjrh; iqfyl cSMfeUVu DyLVj ¼cSMfeUVu@Vscy Vsful½ izfr;ksfxrk 2024&25,dksPph] dsjy ,11-04-2025 ls 15-04-2025 ,2025,vksiu feDl McYl,Lo.kZ
41,dq-f[k-,Vscy Vsful,&,lqczrjkt oekZ,izFke vf[ky Hkkjrh; iqfyl cSMfeUVu DyLVj ¼cSMfeUVu@Vscy Vsful½ izfr;ksfxrk 2024&25,dksPph] dsjy ,11-04-2025 ls 15-04-2025 ,2025,vksiu flaxy,jtr
42,lkekU;,Vscy Vsful,&,jkgqy pkS/kjh,izFke vf[ky Hkkjrh; iqfyl cSMfeUVu DyLVj ¼cSMfeUVu@Vscy Vsful½ izfr;ksfxrk 2024&25,dksPph] dsjy ,11-04-2025 ls 15-04-2025 ,2025,vksiu flaxy,dkaL;
43,dq-f[k-@lk-,Vscy Vsful,&,"vjfoUn pkS/kjh
xquxqu lkgw",izFke vf[ky Hkkjrh; iqfyl cSMfeUVu DyLVj ¼cSMfeUVu@Vscy Vsful½ izfr;ksfxrk 2024&25,dksPph] dsjy ,11-04-2025 ls 15-04-2025 ,2025,vksiu feDl McYl,jtr
44,lkekU;,Vscy Vsful,&,"egs'kpUnz ik.Ms;
,pvks- vpZuk",izFke vf[ky Hkkjrh; iqfyl cSMfeUVu DyLVj ¼cSMfeUVu@Vscy Vsful½ izfr;ksfxrk 2024&25,dksPph] dsjy ,11-04-2025 ls 15-04-2025 ,2025,osVuZl 40 Iyl feDl McYl,dkaL;
45,lkekU;,Vscy Vsful,&,"ftrsUnz flag
e/kq d';i",izFke vf[ky Hkkjrh; iqfyl cSMfeUVu DyLVj ¼cSMfeUVu@Vscy Vsful½ izfr;ksfxrk 2024&25,dksPph] dsjy ,11-04-2025 ls 15-04-2025 ,2025,osVuZl 50 Iyl feDl McYl,jtr
46,lkekU;,Vscy Vsful,&,"egs'kpUnz ik.Ms;
'khyk ;kn;",izFke vf[ky Hkkjrh; iqfyl cSMfeUVu DyLVj ¼cSMfeUVu@Vscy Vsful½ izfr;ksfxrk 2024&25,dksPph] dsjy ,11-04-2025 ls 15-04-2025 ,2025,osVuZl 50 Iyl feDl McYl,dkaL;
47,dq-f[k-@lk-,Vscy Vsful,&,"xquxqu lkgw
jkuh flag
J`f""V tk;loky
fiz;adk vjksMk
jkseh",izFke vf[ky Hkkjrh; iqfyl cSMfeUVu DyLVj ¼cSMfeUVu@Vscy Vsful½ izfr;ksfxrk 2024&25,dksPph] dsjy ,11-04-2025 ls 15-04-2025 ,2025,Vhe pSfEi;uf'ki efgyk,Lo.kZ
48,dq-f[k-,Vscy Vsful,&,"l`f""V tk;loky",izFke vf[ky Hkkjrh; iqfyl cSMfeUVu DyLVj ¼cSMfeUVu@Vscy Vsful½ izfr;ksfxrk 2024&25,dksPph] dsjy ,11-04-2025 ls 15-04-2025 ,2025,vksiu flaxy,Lo.kZ
49,dq-f[k-,Vscy Vsful,&,"xquxqu lkgw
J`f""V tk;loky",izFke vf[ky Hkkjrh; iqfyl cSMfeUVu DyLVj ¼cSMfeUVu@Vscy Vsful½ izfr;ksfxrk 2024&25,dksPph] dsjy ,11-04-2025 ls 15-04-2025 ,2025,vksiu McYl,Lo.kZ
50,dq-f[k-,Vscy Vsful,&,xquxqu lkgw,izFke vf[ky Hkkjrh; iqfyl cSMfeUVu DyLVj ¼cSMfeUVu@Vscy Vsful½ izfr;ksfxrk 2024&25,dksPph] dsjy ,11-04-2025 ls 15-04-2025 ,2025,vksiu flaxy,jtr
51,lkekU;,Vscy Vsful,&,"jkuh flag
jkseh",izFke vf[ky Hkkjrh; iqfyl cSMfeUVu DyLVj ¼cSMfeUVu@Vscy Vsful½ izfr;ksfxrk 2024&25,dksPph] dsjy ,11-04-2025 ls 15-04-2025 ,2025,vksiu McYl,jtr
52,lkekU;,Vscy Vsful,&,jkseh,izFke vf[ky Hkkjrh; iqfyl cSMfeUVu DyLVj ¼cSMfeUVu@Vscy Vsful½ izfr;ksfxrk 2024&25,dksPph] dsjy ,11-04-2025 ls 15-04-2025 ,2025,vksiu flaxy,dkaL;
53,lkekU;,Vscy Vsful,&,",pvks vpZuk",izFke vf[ky Hkkjrh; iqfyl cSMfeUVu DyLVj ¼cSMfeUVu@Vscy Vsful½ izfr;ksfxrk 2024&25,dksPph] dsjy ,11-04-2025 ls 15-04-2025 ,2025,oSVuZl 40$ flaxy,dkaL;
54,lkekU;,Vscy Vsful,&,e/kq d';i,izFke vf[ky Hkkjrh; iqfyl cSMfeUVu DyLVj ¼cSMfeUVu@Vscy Vsful½ izfr;ksfxrk 2024&25,dksPph] dsjy ,11-04-2025 ls 15-04-2025 ,2025,oSVuZl 50$ flaxy,jtr
55,lkekU;,Vscy Vsful,&,lfjrk ukxoa'kh,izFke vf[ky Hkkjrh; iqfyl cSMfeUVu DyLVj ¼cSMfeUVu@Vscy Vsful½ izfr;ksfxrk 2024&25,dksPph] dsjy ,11-04-2025 ls 15-04-2025 ,2025,oSVuZl 50$ flaxy,dkaL;
56,lkekU;,Vscy Vsful,&, 'khyk ;kno,izFke vf[ky Hkkjrh; iqfyl cSMfeUVu DyLVj ¼cSMfeUVu@Vscy Vsful½ izfr;ksfxrk 2024&25,dksPph] dsjy ,11-04-2025 ls 15-04-2025 ,2025,oSVuZl 50$ flaxy,dkaL;
57,lkekU;,Vscy Vsful,&,e/kq d';Ik o vU;,izFke vf[ky Hkkjrh; iqfyl cSMfeUVu DyLVj ¼cSMfeUVu@Vscy Vsful½ izfr;ksfxrk 2024&25,dksPph] dsjy ,11-04-2025 ls 15-04-2025 ,2025,oSVuZl 50$ McYl,Lo.kZ
58,lkekU;,Vscy Vsful,&,lfjrk ukxoa'kh o 'khyk ;kno,izFke vf[ky Hkkjrh; iqfyl cSMfeUVu DyLVj ¼cSMfeUVu@Vscy Vsful½ izfr;ksfxrk 2024&25,dksPph] dsjy ,11-04-2025 ls 15-04-2025 ,2025,oSVuZl 50$ McYl,jtr
59,lsuk-,Vscy Vsful,&,"Jherh pk: fuxe ¼vkbZih,l½",izFke vf[ky Hkkjrh; iqfyl cSMfeUVu DyLVj ¼cSMfeUVu@Vscy Vsful½ izfr;ksfxrk 2024&25,dksPph] dsjy ,11-04-2025 ls 15-04-2025 ,2025,vksiu flaxy efgyk oxZ,dkaL;
60,lkekU;,Vscy Vsful,&,"Jherh pk: fuxe ¼vkbZih,l½
Dysp Jh izse dqekj Fkkik",izFke vf[ky Hkkjrh; iqfyl cSMfeUVu DyLVj ¼cSMfeUVu@Vscy Vsful½ izfr;ksfxrk 2024&25,dksPph] dsjy ,11-04-2025 ls 15-04-2025 ,2025,vksiu feDl McYl,dkaL;
61,dq-f[k-,dq'rh,232330672,e-vk- papy fljksgh,74oha vf[ky Hkkjrh; iqfyl dq”rh DyLVj izfr;ksfxrk&2024 ,gfj;k.kk,20-09-2025 ls 24-09-2025,2025,50 fdxzk-,Lo.kZ
62,dq-f[k-,dq'rh,182664276,e-eq-vk- bUnw pkS/kjh,74oha vf[ky Hkkjrh; iqfyl dq”rh DyLVj izfr;ksfxrk&2024 ,gfj;k.kk,20-09-2025 ls 24-09-2025,2025,50 fdxzk-,dkaL;
63,dq-f[k-,dq'rh,232010150,e-vk- fiz;ka'kh iztkifr,74oha vf[ky Hkkjrh; iqfyl dq”rh DyLVj izfr;ksfxrk&2024 ,gfj;k.kk,20-09-2025 ls 24-09-2025,2025,53 fdxzk-,dkaL;
64,dq-f[k-,dq'rh,232510403,e-vk- laxhrk,74oha vf[ky Hkkjrh; iqfyl dq”rh DyLVj izfr;ksfxrk&2024 ,gfj;k.kk,20-09-2025 ls 24-09-2025,2025,55 fdxzk-,jtr
65,dq-f[k-,dq'rh,232032073,e-vk- ekulh ;kno,74oha vf[ky Hkkjrh; iqfyl dq”rh DyLVj izfr;ksfxrk&2024 ,gfj;k.kk,20-09-2025 ls 24-09-2025,2025,57 fdxzk-,dkaL;
66,dq-f[k-,dq'rh,232330630,e-vk- nh{kk rksej,74oha vf[ky Hkkjrh; iqfyl dq”rh DyLVj izfr;ksfxrk&2024 ,gfj;k.kk,20-09-2025 ls 24-09-2025,2025,57 fdxzk-,dkaL;
67,dq-f[k-,dq'rh,232510230,e-vk- ruq efyd,74oha vf[ky Hkkjrh; iqfyl dq”rh DyLVj izfr;ksfxrk&2024 ,gfj;k.kk,20-09-2025 ls 24-09-2025,2025,59 fdxzk-,jtr
68,dq-f[k-,dq'rh,234103599,"e-vk- iq""ik ;kno",74oha vf[ky Hkkjrh; iqfyl dq”rh DyLVj izfr;ksfxrk&2024 ,gfj;k.kk,20-09-2025 ls 24-09-2025,2025,62 fdxzk-,dkaL;
69,dq-f[k-,dq'rh,232290154,e-vk-yoyhu dkSj,74oha vf[ky Hkkjrh; iqfyl dq”rh DyLVj izfr;ksfxrk&2024 ,gfj;k.kk,20-09-2025 ls 24-09-2025,2025,65 fdxzk-,Lo.kZ
70,dq-f[k-,dq'rh,182664335,e-vk- uhye rksej,74oha vf[ky Hkkjrh; iqfyl dq”rh DyLVj izfr;ksfxrk&2024 ,gfj;k.kk,20-09-2025 ls 24-09-2025,2025,76 fdxzk-,jtr
71,dq-f[k-,dq'rh,234240438,vk- fo'kky lkguh,74oha vf[ky Hkkjrh; iqfyl dq”rh DyLVj izfr;ksfxrk&2024 ,gfj;k.kk,20-09-2025 ls 24-09-2025,2025,57 fdxzk-,Lo.kZ
72,dq-f[k-,dq'rh,232510054,vk- jfoUnz,74oha vf[ky Hkkjrh; iqfyl dq”rh DyLVj izfr;ksfxrk&2024 ,gfj;k.kk,20-09-2025 ls 24-09-2025,2025,61 fdxzk-,Lo.kZ
73,dq-f[k-,dq'rh,232510038,"vk- vfHk""ksd",74oha vf[ky Hkkjrh; iqfyl dq”rh DyLVj izfr;ksfxrk&2024 ,gfj;k.kk,20-09-2025 ls 24-09-2025,2025,70 fdxzk-,dkaL;
74,dq-f[k-,dq'rh,232031810,vk- rstohj flag ;kno,74oha vf[ky Hkkjrh; iqfyl dq”rh DyLVj izfr;ksfxrk&2024 ,gfj;k.kk,20-09-2025 ls 24-09-2025,2025,74 fdxzk-,dkaL;
75,dq-f[k-,dq'rh,182664306,vk- vuqt,74oha vf[ky Hkkjrh; iqfyl dq”rh DyLVj izfr;ksfxrk&2024 ,gfj;k.kk,20-09-2025 ls 24-09-2025,2025,79 fdxzk-,dkaL;
76,dq-f[k-,dq'rh,232510171,vk- lfpu,74oha vf[ky Hkkjrh; iqfyl dq”rh DyLVj izfr;ksfxrk&2024 ,gfj;k.kk,20-09-2025 ls 24-09-2025,2025,67 fdxzk-,Lo.kZ
77,dq-f[k-,dq'rh,234100255,vk- vuwi dqekj,74oha vf[ky Hkkjrh; iqfyl dq”rh DyLVj izfr;ksfxrk&2024 ,gfj;k.kk,20-09-2025 ls 24-09-2025,2025,55 fdxzk-,jtr
78,dq-f[k-,dq'rh,232510269,vk- gjh'k ;kno,74oha vf[ky Hkkjrh; iqfyl dq”rh DyLVj izfr;ksfxrk&2024 ,gfj;k.kk,20-09-2025 ls 24-09-2025,2025,72 fdxzk-,dkaL;
79,dq-f[k-,dq'rh,232510038,"vk- vfHk""ksd",74oha vf[ky Hkkjrh; iqfyl dq”rh DyLVj izfr;ksfxrk&2024 ,gfj;k.kk,20-09-2025 ls 24-09-2025,2025,72 fdxzk-,dkaL;
80,dq-f[k-,dq'rh,232650152,vk- yksdsUnz,74oha vf[ky Hkkjrh; iqfyl dq”rh DyLVj izfr;ksfxrk&2024 ,gfj;k.kk,20-09-2025 ls 24-09-2025,2025,97 fdxzk-,dkaL;
81,dq-f[k-,dq'rh,232330669,e-vk- gseyrk,74oha vf[ky Hkkjrh; iqfyl dq”rh DyLVj izfr;ksfxrk&2024 ,gfj;k.kk,20-09-2025 ls 24-09-2025,2025,53 fdxzk-,jtr
82,lkekU;,vkeZ jsfLyax,210683488,vk- vt; iky flag,74oha vf[ky Hkkjrh; iqfyl dq”rh DyLVj izfr;ksfxrk&2024 ,gfj;k.kk,20-09-2025 ls 24-09-2025,2025,65 fdxzk-,Lo.kZ
83,lkekU;,vkeZ jsfLyax,112020617,e-eq-vk- oUnuk,74oha vf[ky Hkkjrh; iqfyl dq”rh DyLVj izfr;ksfxrk&2024 ,gfj;k.kk,20-09-2025 ls 24-09-2025,2025,70 fdxzk-,jtr
84,lkekU;,vkeZ jsfLyax,182141267,e-eq-vk- uhjt,74oha vf[ky Hkkjrh; iqfyl dq”rh DyLVj izfr;ksfxrk&2024 ,gfj;k.kk,20-09-2025 ls 24-09-2025,2025,60 fdxzk-,jtr
85,lkekU;,vkeZ jsfLyax,212650345,e-eq-vk- :fp pkSgku,74oha vf[ky Hkkjrh; iqfyl dq”rh DyLVj izfr;ksfxrk&2024 ,gfj;k.kk,20-09-2025 ls 24-09-2025,2025,50 fdxzk-,dkaL;
86,lkekU;,vkeZ jsfLyax,210527087,"vk- d`"".kk",74oha vf[ky Hkkjrh; iqfyl dq”rh DyLVj izfr;ksfxrk&2024 ,gfj;k.kk,20-09-2025 ls 24-09-2025,2025,70 fdxzk-,dkaL;
87,lkekU;,vkeZ jsfLyax,190754963,vk- jkgqy jkds'k,74oha vf[ky Hkkjrh; iqfyl dq”rh DyLVj izfr;ksfxrk&2024 ,gfj;k.kk,20-09-2025 ls 24-09-2025,2025,80 fdxzk-,dkaL;
88,lkekU;,vkeZ jsfLyax,212542158,vk- eukst,74oha vf[ky Hkkjrh; iqfyl dq”rh DyLVj izfr;ksfxrk&2024 ,gfj;k.kk,20-09-2025 ls 24-09-2025,2025,60 fdxzk-,Lo.kZ
89,lkekU;,vkeZ jsfLyax,190732750,eq-vk-jkgqy dqekj,74oha vf[ky Hkkjrh; iqfyl dq”rh DyLVj izfr;ksfxrk&2024 ,gfj;k.kk,20-09-2025 ls 24-09-2025,2025,85 fdxzk-,Lo.kZ
90,lkekU;,vkeZ jsfLyax,191860344,eq-vk- fodkl ukxj,74oha vf[ky Hkkjrh; iqfyl dq”rh DyLVj izfr;ksfxrk&2024 ,gfj;k.kk,20-09-2025 ls 24-09-2025,2025,110 fdxzk-,Lo.kZ
91,lkekU;,vkeZ jsfLyax,162150940,e-vk- jsuw,74oha vf[ky Hkkjrh; iqfyl dq”rh DyLVj izfr;ksfxrk&2024 ,gfj;k.kk,20-09-2025 ls 24-09-2025,2025,80 fdxzk-,Lo.kZ
92,lkekU;,vkeZ jsfLyax,112761530,e-eq-vk- nhik pkS/kjh,74oha vf[ky Hkkjrh; iqfyl dq”rh DyLVj izfr;ksfxrk&2024 ,gfj;k.kk,20-09-2025 ls 24-09-2025,2025,80$ fdxzk-,Lo.kZ
93,lkekU;,vkeZ jsfLyax,052330197,eq-vk- latho rsofr;k,74oha vf[ky Hkkjrh; iqfyl dq”rh DyLVj izfr;ksfxrk&2024 ,gfj;k.kk,20-09-2025 ls 24-09-2025,2025,110$ fdxzk-,jtr
94,lkekU;,vkeZ jsfLyax,191866660,vk- vej pkS/kjh,74oha vf[ky Hkkjrh; iqfyl dq”rh DyLVj izfr;ksfxrk&2024 ,gfj;k.kk,20-09-2025 ls 24-09-2025,2025,90 fdxzk-,jtr
95,lkekU;,vkeZ jsfLyax,190467212,eq-vk- jktho,74oha vf[ky Hkkjrh; iqfyl dq”rh DyLVj izfr;ksfxrk&2024 ,gfj;k.kk,20-09-2025 ls 24-09-2025,2025,55 fdxzk-,jtr
96,lkekU;,ckMh fcfYMax,162332373,eq-vk- fjUdw HkkVh,74oha vf[ky Hkkjrh; iqfyl dq”rh DyLVj izfr;ksfxrk&2024 ,gfj;k.kk,20-09-2025 ls 24-09-2025,2025,90 fdxzk-,jtr
97,lkekU;,ckMh fcfYMax,190741295,eq-vk- f'koe eku,74oha vf[ky Hkkjrh; iqfyl dq”rh DyLVj izfr;ksfxrk&2024 ,gfj;k.kk,20-09-2025 ls 24-09-2025,2025,100$ fdxzk-,jtr
98,lkekU;,ckMh fcfYMax,052240775,eq-vk- vkse flag,74oha vf[ky Hkkjrh; iqfyl dq”rh DyLVj izfr;ksfxrk&2024 ,gfj;k.kk,20-09-2025 ls 24-09-2025,2025,100 fdxzk-,dkaL;
99,dq-f[k-,ckfDalx,234240180,vk- lqnhi dqekj,74oha vf[ky Hkkjrh; iqfyl dq”rh DyLVj izfr;ksfxrk&2024 ,gfj;k.kk,20-09-2025 ls 24-09-2025,2025,50 fdxzk-,Lo.kZ
100,dq-f[k-,ckfDalx,232330018,vk- jkWdh pkS/kjh,74oha vf[ky Hkkjrh; iqfyl dq”rh DyLVj izfr;ksfxrk&2024 ,gfj;k.kk,20-09-2025 ls 24-09-2025,2025,80 fdxzk-,jtr
101,dq-f[k-,ckfDalx,234100721,e-vk- jkfxuh mik/;k;,74oha vf[ky Hkkjrh; iqfyl dq”rh DyLVj izfr;ksfxrk&2024 ,gfj;k.kk,20-09-2025 ls 24-09-2025,2025,54 fdxzk-,jtr
102,dq-f[k-,ckfDalx,232510458,e-vk- fjadh 'kekZ,74oha vf[ky Hkkjrh; iqfyl dq”rh DyLVj izfr;ksfxrk&2024 ,gfj;k.kk,20-09-2025 ls 24-09-2025,2025,75 fdxzk-,jtr
103,dq-f[k-,ckfDalx,232330223,vk- lquhy pkSgku,74oha vf[ky Hkkjrh; iqfyl dq”rh DyLVj izfr;ksfxrk&2024 ,gfj;k.kk,20-09-2025 ls 24-09-2025,2025,60 fdxzk-,dkaL;
104,dq-f[k-,ckfDalx,232330308,e-vk- jk'kh 'kekZ,74oha vf[ky Hkkjrh; iqfyl dq”rh DyLVj izfr;ksfxrk&2024 ,gfj;k.kk,20-09-2025 ls 24-09-2025,2025,51 fdxzk-,dkaL;
105,dq-f[k-,ckfDalx,232510559,e-vk- floh,74oha vf[ky Hkkjrh; iqfyl dq”rh DyLVj izfr;ksfxrk&2024 ,gfj;k.kk,20-09-2025 ls 24-09-2025,2025,65 fdxzk-,dkaL;
106,dq-f[k-,ckfDalx,232510445,e-vk- vkLFkk ikgok,74oha vf[ky Hkkjrh; iqfyl dq”rh DyLVj izfr;ksfxrk&2024 ,gfj;k.kk,20-09-2025 ls 24-09-2025,2025,70 fdxzk-,dkaL;
107,dq-f[k-,twMks,232290040,vkj{kh euh 'kekZ,10oha vf[ky Hkkjrh; iqfyl twMks DyLVj izfr;ksfxrk 2025,Jhuxj] tEew d'ehj,08-10-2025 ls 16-10-2025,2025,60 KG,Lo.kZ
108,dq-f[k-,twMks,232510735,vk- fo/kku dqekj,10oha vf[ky Hkkjrh; iqfyl twMks DyLVj izfr;ksfxrk 2025,Jhuxj] tEew d'ehj,08-10-2025 ls 16-10-2025,2025,100+ KG,dkaL;
109,dq-f[k-,twMks,232010062,e-vk- vfUre ;kno,10oha vf[ky Hkkjrh; iqfyl twMks DyLVj izfr;ksfxrk 2025,Jhuxj] tEew d'ehj,08-10-2025 ls 16-10-2025,2025,48 KG,dkaL;
110,dq-f[k-,rkbZDok.Mks,232290675,fj-vk- xqy'ku 'kekZ,10oha vf[ky Hkkjrh; iqfyl twMks DyLVj izfr;ksfxrk 2025,Jhuxj] tEew d'ehj,08-10-2025 ls 16-10-2025,2025,87+ KG,Lo.kZ
111,dq-f[k-,rkbZDok.Mks,232650253,e-vk- vuh'kk,10oha vf[ky Hkkjrh; iqfyl twMks DyLVj izfr;ksfxrk 2025,Jhuxj] tEew d'ehj,08-10-2025 ls 16-10-2025,2025,U-53 KG,Lo.kZ
112,dq-f[k-,rkbZDok.Mks,234100082,e-vk- lhek dukSft;k,10oha vf[ky Hkkjrh; iqfyl twMks DyLVj izfr;ksfxrk 2025,Jhuxj] tEew d'ehj,08-10-2025 ls 16-10-2025,2025,U-49 KG,Lo.kZ
113,dq-f[k-,rkbZDok.Mks,232510142,e-vk- [kq'kcw ;kno,10oha vf[ky Hkkjrh; iqfyl twMks DyLVj izfr;ksfxrk 2025,Jhuxj] tEew d'ehj,08-10-2025 ls 16-10-2025,2025,U-73 KG,jtr
114,dq-f[k-,rkbZDok.Mks,232330643,e-vk- e/kw flag,10oha vf[ky Hkkjrh; iqfyl twMks DyLVj izfr;ksfxrk 2025,Jhuxj] tEew d'ehj,08-10-2025 ls 16-10-2025,2025,U-67 KG,jtr
115,dq-f[k-,rkbZDok.Mks,232510155,e-vk- iwtk,10oha vf[ky Hkkjrh; iqfyl twMks DyLVj izfr;ksfxrk 2025,Jhuxj] tEew d'ehj,08-10-2025 ls 16-10-2025,2025,U-57 KG,dkaL;
116,dq-f[k-,rkbZDok.Mks,232032187,"vkj{kh _f""k jk;",10oha vf[ky Hkkjrh; iqfyl twMks DyLVj izfr;ksfxrk 2025,Jhuxj] tEew d'ehj,08-10-2025 ls 16-10-2025,2025,U-68 KG,jtr
117,lkekU;,rkbZDok.Mks,182532607,vkj{kh thr flag ine,10oha vf[ky Hkkjrh; iqfyl twMks DyLVj izfr;ksfxrk 2025,Jhuxj] tEew d'ehj,08-10-2025 ls 16-10-2025,2025,U-80 KG,dkaL;
118,lkekU;,isapd flykV,231095514,"m-fu- ,'o;kZ dkS'ky] e-vk- 'osrk] e-vk- vf{kdk",10oha vf[ky Hkkjrh; iqfyl twMks DyLVj izfr;ksfxrk 2025,Jhuxj] tEew d'ehj,08-10-2025 ls 16-10-2025,2025,टीम स्पर्धा (रेगु),Lo.kZ
119,lkekU;,isapd flykV,192132552,e-vk- 'khry nsoh,10oha vf[ky Hkkjrh; iqfyl twMks DyLVj izfr;ksfxrk 2025,Jhuxj] tEew d'ehj,08-10-2025 ls 16-10-2025,2025,-45 किग्रा0,Lo.kZ
120,lkekU;,isapd flykV,162332911,e-vk- vkjrh,10oha vf[ky Hkkjrh; iqfyl twMks DyLVj izfr;ksfxrk 2025,Jhuxj] tEew d'ehj,08-10-2025 ls 16-10-2025,2025,65-70 किग्रा0,dkaL;
121,lkekU;,isapd flykV,202530262,e-vk- cfcrk,10oha vf[ky Hkkjrh; iqfyl twMks DyLVj izfr;ksfxrk 2025,Jhuxj] tEew d'ehj,08-10-2025 ls 16-10-2025,2025,70-75 किग्रा0,dkaL;
122,lkekU;,isapd flykV,182017067,vk- lanhi ;kno,10oha vf[ky Hkkjrh; iqfyl twMks DyLVj izfr;ksfxrk 2025,Jhuxj] tEew d'ehj,08-10-2025 ls 16-10-2025,2025,55-50 किग्रा0/ सोलो,jtr
123,lkekU;,isapd flykV,182733329,eq-vk- fouhr ;kno,10oha vf[ky Hkkjrh; iqfyl twMks DyLVj izfr;ksfxrk 2025,Jhuxj] tEew d'ehj,08-10-2025 ls 16-10-2025,2025,70-75 किग्रा0,dkaL;
124,lkekU;,isapd flykV,112292225,eq-vk- eukst dqekj,10oha vf[ky Hkkjrh; iqfyl twMks DyLVj izfr;ksfxrk 2025,Jhuxj] tEew d'ehj,08-10-2025 ls 16-10-2025,2025,85-90 किग्रा0,dkaL;
125,lkekU;,isapd flykV,220640257,vk- nqxsZ'k ;kno,10oha vf[ky Hkkjrh; iqfyl twMks DyLVj izfr;ksfxrk 2025,Jhuxj] tEew d'ehj,08-10-2025 ls 16-10-2025,2025,-45 किग्रा0,dkaL;
126,lkekU;,isapd flykV,180570241,vk- lqjsUnz ;kno,10oha vf[ky Hkkjrh; iqfyl twMks DyLVj izfr;ksfxrk 2025,Jhuxj] tEew d'ehj,08-10-2025 ls 16-10-2025,2025,45-50 किग्रा0,dkaL;
127,dq-f[k-,oq'kw,232290125,e-vk- fiz;adk,10oha vf[ky Hkkjrh; iqfyl twMks DyLVj izfr;ksfxrk 2025,Jhuxj] tEew d'ehj,08-10-2025 ls 16-10-2025,2025,ताउलू Daoshu,Lo.kZ
128,dq-f[k-,oq'kw,232290125,e-vk- fiz;adk,10oha vf[ky Hkkjrh; iqfyl twMks DyLVj izfr;ksfxrk 2025,Jhuxj] tEew d'ehj,08-10-2025 ls 16-10-2025,2025,ताउलू Gunshu,Lo.kZ
129,dq-f[k-,oq'kw,232330353,e-vk- izhrh,10oha vf[ky Hkkjrh; iqfyl twMks DyLVj izfr;ksfxrk 2025,Jhuxj] tEew d'ehj,08-10-2025 ls 16-10-2025,2025,56 किग्रा0 साण्डा,jtr
130,dq-f[k-,oq'kw,232330252,vk- eksfgr Fkkik,10oha vf[ky Hkkjrh; iqfyl twMks DyLVj izfr;ksfxrk 2025,Jhuxj] tEew d'ehj,08-10-2025 ls 16-10-2025,2025,ताउलू Nandao,jtr
131,dq-f[k-,oq'kw,232010075,e-vk- Jqfr ljoS;k,10oha vf[ky Hkkjrh; iqfyl twMks DyLVj izfr;ksfxrk 2025,Jhuxj] tEew d'ehj,08-10-2025 ls 16-10-2025,2025,75 किग्रा0 साण्डा,jtr
132,lkekU;,oq'kw,212124583,e-vk- dq- lquhrk,10oha vf[ky Hkkjrh; iqfyl twMks DyLVj izfr;ksfxrk 2025,Jhuxj] tEew d'ehj,08-10-2025 ls 16-10-2025,2025,70 किग्रा0 साण्डा,jtr
133,dq-f[k-,oq'kw,232330236,vk- jfo lw;Zoa'kh,10oha vf[ky Hkkjrh; iqfyl twMks DyLVj izfr;ksfxrk 2025,Jhuxj] tEew d'ehj,08-10-2025 ls 16-10-2025,2025,ताउलू Nangun,jtr
134,dq-f[k-,oq'kw,232650022,e-vk- gqek [kku,10oha vf[ky Hkkjrh; iqfyl twMks DyLVj izfr;ksfxrk 2025,Jhuxj] tEew d'ehj,08-10-2025 ls 16-10-2025,2025,48 किग्रा0 साण्डा,dkaL;
135,dq-f[k-,oq'kw,232330252,vk- eksfgr Fkkik,10oha vf[ky Hkkjrh; iqfyl twMks DyLVj izfr;ksfxrk 2025,Jhuxj] tEew d'ehj,08-10-2025 ls 16-10-2025,2025,ताउलू Nanquan,dkaL;
136,lkekU;,oq'kw,211861533,vk- 'kfDr flag,10oha vf[ky Hkkjrh; iqfyl twMks DyLVj izfr;ksfxrk 2025,Jhuxj] tEew d'ehj,08-10-2025 ls 16-10-2025,2025,80 किग्रा0 साण्डा,dkaL;
137,dq-f[k-,oq'kw,232290125,e-vk- fiz;adk,10oha vf[ky Hkkjrh; iqfyl twMks DyLVj izfr;ksfxrk 2025,Jhuxj] tEew d'ehj,08-10-2025 ls 16-10-2025,2025,ताउलू Changquan,dkaL;
138,dq-f[k-,oq'kw,232510517,e-vk- f'koe,10oha vf[ky Hkkjrh; iqfyl twMks DyLVj izfr;ksfxrk 2025,Jhuxj] tEew d'ehj,08-10-2025 ls 16-10-2025,2025,-52 किग्रा0 साण्डा,dkaL;
139,dq-f[k-,oq'kw,232510676,"vk- _""kHk ukxj",10oha vf[ky Hkkjrh; iqfyl twMks DyLVj izfr;ksfxrk 2025,Jhuxj] tEew d'ehj,08-10-2025 ls 16-10-2025,2025,100 किग्रा0 साण्डा,dkaL;
140,dq-f[k-,oq'kw,232330236,vk- jfo lw;Zoa'kh,10oha vf[ky Hkkjrh; iqfyl twMks DyLVj izfr;ksfxrk 2025,Jhuxj] tEew d'ehj,08-10-2025 ls 16-10-2025,2025,ताउलू Nandao,dkaL;
141,dq-f[k-,oq'kw,232330252,vk- eksfgr Fkkik,10oha vf[ky Hkkjrh; iqfyl twMks DyLVj izfr;ksfxrk 2025,Jhuxj] tEew d'ehj,08-10-2025 ls 16-10-2025,2025,ताउलू Nangun,dkaL;
1,dq-f[k-,HkkjksRrksyu,234240294,vk- lqns'k dqekj ik.Ms;,02oha vf[ky Hkkjrh; iqfyl HkkjksRrksyu DyLVj izfr;ksfxrk 2025,vejkorh] vkU/kzizns'k,13-10-2025 ls 17-10-2025,2025,60 KG,Lo.kZ
2,dq-f[k-,HkkjksRrksyu,CP 238,vk- fl)kUr pkS/kjh,02oha vf[ky Hkkjrh; iqfyl HkkjksRrksyu DyLVj izfr;ksfxrk 2025,vejkorh] vkU/kzizns'k,13-10-2025 ls 17-10-2025,2025,110 KG,Lo.kZ
3,dq-f[k-,HkkjksRrksyu,232510605,vk- izos'k cSlks;k,02oha vf[ky Hkkjrh; iqfyl HkkjksRrksyu DyLVj izfr;ksfxrk 2025,vejkorh] vkU/kzizns'k,13-10-2025 ls 17-10-2025,2025,79 KG,jtr
4,dq-f[k-,HkkjksRrksyu,182492828,eq-vk- c`ts'k dqekj,02oha vf[ky Hkkjrh; iqfyl HkkjksRrksyu DyLVj izfr;ksfxrk 2025,vejkorh] vkU/kzizns'k,13-10-2025 ls 17-10-2025,2025,94 KG,jtr
5,dq-f[k-,HkkjksRrksyu,232510849,e-vk- dksey [kku,02oha vf[ky Hkkjrh; iqfyl HkkjksRrksyu DyLVj izfr;ksfxrk 2025,vejkorh] vkU/kzizns'k,13-10-2025 ls 17-10-2025,2025,77 KG,Lo.kZ
6,dq-f[k-,HkkjksRrksyu,234240236,e-vk- jk/kk lksuh,02oha vf[ky Hkkjrh; iqfyl HkkjksRrksyu DyLVj izfr;ksfxrk 2025,vejkorh] vkU/kzizns'k,13-10-2025 ls 17-10-2025,2025,48 KG,Lo.kZ
7,dq-f[k-,HkkjksRrksyu,232510750,e-vk- 'kkyw,02oha vf[ky Hkkjrh; iqfyl HkkjksRrksyu DyLVj izfr;ksfxrk 2025,vejkorh] vkU/kzizns'k,13-10-2025 ls 17-10-2025,2025,53 KG,jtr
8,dq-f[k-,HkkjksRrksyu,232030178,e-vk- fiz;adk ekS;kZ,02oha vf[ky Hkkjrh; iqfyl HkkjksRrksyu DyLVj izfr;ksfxrk 2025,vejkorh] vkU/kzizns'k,13-10-2025 ls 17-10-2025,2025,71 KG,dkaL;
9,lkekU;,ikoj fyf¶Vax,152012946,eq-vk- iou dqekj 'kekZ,02oha vf[ky Hkkjrh; iqfyl HkkjksRrksyu DyLVj izfr;ksfxrk 2025,vejkorh] vkU/kzizns'k,13-10-2025 ls 17-10-2025,2025,66 KG,Lo.kZ
10,lkekU;,ikoj fyf¶Vax,190755634,vk- jkds'k dqekj,02oha vf[ky Hkkjrh; iqfyl HkkjksRrksyu DyLVj izfr;ksfxrk 2025,vejkorh] vkU/kzizns'k,13-10-2025 ls 17-10-2025,2025,59 KG,Lo.kZ
11,lkekU;,ikoj fyf¶Vax,190468039,eq-vk- 'kqHke efyd,02oha vf[ky Hkkjrh; iqfyl HkkjksRrksyu DyLVj izfr;ksfxrk 2025,vejkorh] vkU/kzizns'k,13-10-2025 ls 17-10-2025,2025,74 KG,Lo.kZ
12,lkekU;,ikoj fyf¶Vax,162803105,vk- fo'kky pkS/kjh,02oha vf[ky Hkkjrh; iqfyl HkkjksRrksyu DyLVj izfr;ksfxrk 2025,vejkorh] vkU/kzizns'k,13-10-2025 ls 17-10-2025,2025,83 KG,Lo.kZ
13,lkekU;,ikoj fyf¶Vax,182530874,e-vk- vk'kk,02oha vf[ky Hkkjrh; iqfyl HkkjksRrksyu DyLVj izfr;ksfxrk 2025,vejkorh] vkU/kzizns'k,13-10-2025 ls 17-10-2025,2025,43 KG,Lo.kZ
14,lkekU;,ikoj fyf¶Vax,182141645,e-vk- jtuh,02oha vf[ky Hkkjrh; iqfyl HkkjksRrksyu DyLVj izfr;ksfxrk 2025,vejkorh] vkU/kzizns'k,13-10-2025 ls 17-10-2025,2025,47 KG,Lo.kZ
15,lkekU;,ikoj fyf¶Vax,192670773,e-vk- 'khry ijekj,02oha vf[ky Hkkjrh; iqfyl HkkjksRrksyu DyLVj izfr;ksfxrk 2025,vejkorh] vkU/kzizns'k,13-10-2025 ls 17-10-2025,2025,52 KG,Lo.kZ
16,lkekU;,ikoj fyf¶Vax,182630792,e-vk- nh{kk xqIrk,02oha vf[ky Hkkjrh; iqfyl HkkjksRrksyu DyLVj izfr;ksfxrk 2025,vejkorh] vkU/kzizns'k,13-10-2025 ls 17-10-2025,2025,63 KG,Lo.kZ
17,lkekU;,ikoj fyf¶Vax,192224781,e-eq-vk- fiz;adk 'kqDyk,02oha vf[ky Hkkjrh; iqfyl HkkjksRrksyu DyLVj izfr;ksfxrk 2025,vejkorh] vkU/kzizns'k,13-10-2025 ls 17-10-2025,2025,74 KG,jtr
18,lkekU;,ikoj fyf¶Vax,162540824,e-vk- moZ'kh,02oha vf[ky Hkkjrh; iqfyl HkkjksRrksyu DyLVj izfr;ksfxrk 2025,vejkorh] vkU/kzizns'k,13-10-2025 ls 17-10-2025,2025,69 KG,dkaL;
19,lkekU;,ikoj fyf¶Vax,112463713,e-vk- 'khye flag,02oha vf[ky Hkkjrh; iqfyl HkkjksRrksyu DyLVj izfr;ksfxrk 2025,vejkorh] vkU/kzizns'k,13-10-2025 ls 17-10-2025,2025,84 KG,dkaL;
20,lkekU;,;ksxk,"160560954
191867180
161750237
180471632
152560315","eq-vk- fd'ku dqekj
eq-vk- vuqjkx efyd
eq-vk- c`ts'k iz/kku
vk- jktdqekj fcUn
vk- ;ksxs'k flag",02oha vf[ky Hkkjrh; iqfyl HkkjksRrksyu DyLVj izfr;ksfxrk 2025,vejkorh] vkU/kzizns'k,13-10-2025 ls 17-10-2025,2025,28 – 35 आर्टिस्टिक ग्रुप,Lo.kZ
21,lkekU;,;ksxk,"160510236
40460202","vk- fou; dqekj iVsy
eq-vk- jktho dqekj",02oha vf[ky Hkkjrh; iqfyl HkkjksRrksyu DyLVj izfr;ksfxrk 2025,vejkorh] vkU/kzizns'k,13-10-2025 ls 17-10-2025,2025,35 से 55 आर्टिस्टिक पेयर,Lo.kZ
22,lkekU;,;ksxk,160560954,eq-vk- fd'ku dqekj,02oha vf[ky Hkkjrh; iqfyl HkkjksRrksyu DyLVj izfr;ksfxrk 2025,vejkorh] vkU/kzizns'k,13-10-2025 ls 17-10-2025,2025,28 से 35 आर्टिस्टिक सोलो,Lo.kZ
23,lkekU;,;ksxk,160560954,eq-vk- fd'ku dqekj,02oha vf[ky Hkkjrh; iqfyl HkkjksRrksyu DyLVj izfr;ksfxrk 2025,vejkorh] vkU/kzizns'k,13-10-2025 ls 17-10-2025,2025,28 से 35 ट्रेडिसनल,Lo.kZ
24,lkekU;,;ksxk,40460202,eq-vk- jktho dqekj,02oha vf[ky Hkkjrh; iqfyl HkkjksRrksyu DyLVj izfr;ksfxrk 2025,vejkorh] vkU/kzizns'k,13-10-2025 ls 17-10-2025,2025,28 से 35 आर्टिस्टिक सोलो,Lo.kZ
25,lkekU;,;ksxk,"190744441
190520904","eq-vk- lqfer dqekj
vk- iadt dqekj",02oha vf[ky Hkkjrh; iqfyl HkkjksRrksyu DyLVj izfr;ksfxrk 2025,vejkorh] vkU/kzizns'k,13-10-2025 ls 17-10-2025,2025,35 से 55 आर्टिस्टिक सोलो,jtr
26,lkekU;,;ksxk,"210770104
180680203","vk- fouhr dqekj
vk- iznhi dqekj",02oha vf[ky Hkkjrh; iqfyl HkkjksRrksyu DyLVj izfr;ksfxrk 2025,vejkorh] vkU/kzizns'k,13-10-2025 ls 17-10-2025,2025,18 -28 आर्टिस्टिक  पेयर,jtr
27,lkekU;,;ksxk,"40460202
920461442
920461442
940470361
210467088
160510236","eq-vk- jktho dqekj
eq-vk- izeksn dqekj flag
eq-vk- gfjvkse flag
ihlh lanhi dqekj vk;Z
vk- fou; dqekj iVsy",02oha vf[ky Hkkjrh; iqfyl HkkjksRrksyu DyLVj izfr;ksfxrk 2025,vejkorh] vkU/kzizns'k,13-10-2025 ls 17-10-2025,2025,35 से 55 आर्टिस्टिक ग्रुप,dkaL;
28,lkekU;,;ksxk,190744441,"eq-vk- lqfer dqekj
vk- iznhi dqekj
vk- 'kqHke feJk
vk- iadt dqekj
vk- fouhr dqekj",02oha vf[ky Hkkjrh; iqfyl HkkjksRrksyu DyLVj izfr;ksfxrk 2025,vejkorh] vkU/kzizns'k,13-10-2025 ls 17-10-2025,2025,18 से 28 आर्टिस्टिक ग्रुप,dkaL;
29,lkekU;,;ksxk,"212671643
182550616
212091575
162032332
212060595","e-vk- fjrw Bkdqj
e-eq-vk- 'kxqQk rkSghn
e-eq-vk- eksfudk 'kqDyk
e-vk- jk/kk ;kno
e-vk- f'k[kk flag",02oha vf[ky Hkkjrh; iqfyl HkkjksRrksyu DyLVj izfr;ksfxrk 2025,vejkorh] vkU/kzizns'k,13-10-2025 ls 17-10-2025,2025,28–35 आर्टिस्टिक ग्रुप,Lo.kZ
30,lkekU;,;ksxk,"212091575
212671643","e-eq-vk- eksfudk 'kqDyk
e-vk- fjrq Bkdqj",02oha vf[ky Hkkjrh; iqfyl HkkjksRrksyu DyLVj izfr;ksfxrk 2025,vejkorh] vkU/kzizns'k,13-10-2025 ls 17-10-2025,2025,28 से 35 आर्टिस्टिक पेयर,Lo.kZ
31,lkekU;,;ksxk,"212650622
192623331","e-vk- vkapy
e-vk- jktuUnuh",02oha vf[ky Hkkjrh; iqfyl HkkjksRrksyu DyLVj izfr;ksfxrk 2025,vejkorh] vkU/kzizns'k,13-10-2025 ls 17-10-2025,2025,18-28 रिदमिक पेयर,jtr
32,lkekU;,;ksxk,"212060595
182550616","e-vk- f'k[kk flag
e-eq-vk- 'kxqQk rkSghn",02oha vf[ky Hkkjrh; iqfyl HkkjksRrksyu DyLVj izfr;ksfxrk 2025,vejkorh] vkU/kzizns'k,13-10-2025 ls 17-10-2025,2025,28-35 रिदमिक पेयर,dkaL;
33,lkekU;,;ksxk,"152651860
192327002","e-vk- lfjrk 'kekZ
e-vk- lk/kuk ik.Ms;",02oha vf[ky Hkkjrh; iqfyl HkkjksRrksyu DyLVj izfr;ksfxrk 2025,vejkorh] vkU/kzizns'k,13-10-2025 ls 17-10-2025,2025,35-55  रिदमिक पेयर,dkaL;
34,lkekU;,;ksxk,182550616,e-eq-vk- 'kxqQk rkSghn,02oha vf[ky Hkkjrh; iqfyl HkkjksRrksyu DyLVj izfr;ksfxrk 2025,vejkorh] vkU/kzizns'k,13-10-2025 ls 17-10-2025,2025,28 से 35 आर्टिस्टिक सोलो,dkaL;
35,lkekU;,;ksxk,212671643,e-vk- fjrw Bkdqj,02oha vf[ky Hkkjrh; iqfyl HkkjksRrksyu DyLVj izfr;ksfxrk 2025,vejkorh] vkU/kzizns'k,13-10-2025 ls 17-10-2025,2025,28 से 35 ट्रेडिसनल,dkaL;
36,lkekU;,;ksxk,"192325527
182084052
192680703
192623331
212650622","e-vk- fjrw feJk
e-vk- lfjrk pkS/kjh
e-vk- lq""kek
e-vk- jktuUnuh
e-vk- vkapy",02oha vf[ky Hkkjrh; iqfyl HkkjksRrksyu DyLVj izfr;ksfxrk 2025,vejkorh] vkU/kzizns'k,13-10-2025 ls 17-10-2025,2025,18 से 28 आर्टिस्टिक ग्रुप,dkaL;
37,,,,,,,,,,
38,,,,,,,,,,
