vU; izfr;ksfxrkvks esa izkIr fd;s x;s indksa dk fooj.k,vU; izfr;ksfxrkvks esa izkIr fd;s x;s indksa dk fooj.k,vU; izfr;ksfxrkvks esa izkIr fd;s x;s indksa dk fooj.k,vU; izfr;ksfxrkvks esa izkIr fd;s x;s indksa dk fooj.k,vU; izfr;ksfxrkvks esa izkIr fd;s x;s indksa dk fooj.k,vU; izfr;ksfxrkvks esa izkIr fd;s x;s indksa dk fooj.k,vU; izfr;ksfxrkvks esa izkIr fd;s x;s indksa dk fooj.k,vU; izfr;ksfxrkvks esa izkIr fd;s x;s indksa dk fooj.k,vU; izfr;ksfxrkvks esa izkIr fd;s x;s indksa dk fooj.k,vU; izfr;ksfxrkvks esa izkIr fd;s x;s indksa dk fooj.k,vU; izfr;ksfxrkvks esa izkIr fd;s x;s indksa dk fooj.k,vU; izfr;ksfxrkvks esa izkIr fd;s x;s indksa dk fooj.k,vU; izfr;ksfxrkvks esa izkIr fd;s x;s indksa dk fooj.k,vU; izfr;ksfxrkvks esa izkIr fd;s x;s indksa dk fooj.k,vU; izfr;ksfxrkvks esa izkIr fd;s x;s indksa dk fooj.k,vU; izfr;ksfxrkvks esa izkIr fd;s x;s indksa dk fooj.k,
"Ø0
la0",f[kykMh dk izdkj,[ksy fo/kk dk uke,"ih,uvks","ih,uvks",in o uke,izfr;ksfxrk dk uke,LFkku,fnukad,"o""kZ",vk;kstu LFky,dc ls ,dc rd,"o""kZ",Li/kkZ,esMy,fooj.k
1,2,3,4,5,6,7,8,9,10,,,,,11,12,
1,lkeU;,,,,nyuk;d pUnzgkl dq'kokgk] m-fujh{kd cyjke] vkj{kh vfHkthr,75 fnol fQVusl izksxzke,gSnjkckn,09-1-2024 a,2024,,,,,,dkaL;,
2,dq-f[k-,Vscy Vsful,,,lqczr jkt oekZ,;wih LVsV bUohVs'ku Vscy Vsful pSfEi;uf'ki,,15-03-2024 ls 17-03-2024 vkxjk,2024,vkxjk,15-03-2024,17-03-2024,2024,vksiu flaxYl,Lo.kZ,
3,dq-f[k-,Vscy Vsful,,,lqczr jkt oekZ,;wih LVsV bUohVs'ku Vscy Vsful pSfEi;uf'ki,,15-03-2024 ls 17-03-2024 vkxjk,2024,vkxjk,15-03-2024,17-03-2024,2024,Vhe xse,Lo.kZ,
4,dq-f[k-,Vscy Vsful,,,lqczr jkt oekZ,;wih LVsV bUohVs'ku Vscy Vsful pSfEi;uf'ki,,15-03-2024 ls 17-03-2024 vkxjk,2024,vkxjk,15-03-2024,17-03-2024,2024,McYl,Lo.kZ,
5,dq-f[k-,Vscy Vsful,,,"lqczr jkt oekZ] J`f""V tk;loky",;wih LVsV bUohVs'ku Vscy Vsful pSfEi;uf'ki,,15-03-2024 ls 17-03-2024 vkxjk,2024,vkxjk,15-03-2024,17-03-2024,2024,feDl McYl,Lo.kZ,
6,dq-f[k-,Vscy Vsful,,,"J`f""V t;loky",;wih LVsV bUohVs'ku Vscy Vsful pSfEi;uf'ki,,15-03-2024 ls 17-03-2024 vkxjk,2024,vkxjk,15-03-2024,17-03-2024,2024,vksiu flaxYl,dkaL;,
7,dq-f[k-,Vscy Vsful,,,"J`f""V t;loky] xquxqu lkgw",;wih LVsV bUohVs'ku Vscy Vsful pSfEi;uf'ki,,15-03-2024 ls 17-03-2024 vkxjk,2024,vkxjk,15-03-2024,17-03-2024,2024,Vhe xse,Lo.kZ,
8,dq-f[k-,Vscy Vsful,,,"J`f""V t;loky] xquxqu lkgw",;wih LVsV bUohVs'ku Vscy Vsful pSfEi;uf'ki,,15-03-2024 ls 17-03-2024 vkxjk,2024,vkxjk,15-03-2024,17-03-2024,2024,McYl,jtr,
9,dq-f[k-,Vscy Vsful,,,xquxqu lkgw,;wih LVsV bUohVs'ku Vscy Vsful pSfEi;uf'ki,,15-03-2024 ls 17-03-2024 vkxjk,2024,vkxjk,15-03-2024,17-03-2024,2024,vksiu flaxYl,Lo.kZ,
10,dq-f[k-,Vscy Vsful,,,xquxqu lkgw,;wih LVsV bUohVs'ku Vscy Vsful pSfEi;uf'ki,,15-03-2024 ls 17-03-2024 vkxjk,2024,vkxjk,15-03-2024,17-03-2024,2024,feDl McYl,jtr,
11,dq-f[k-,okVj LiksVZ~l,,,fnika'kq Hkkjrh;,33oha m-iz- dSuks fLizaV pSfEi;uf'ki 2024 esa izfrHkkx gsrq ,,2024-03-17T00:00:00,2024,dkuiqj,16-03-2024,18-03-2024,2024,ds&1 ¼500eh0½,jtr,
12,dq-f[k-,,,,c`teksgu ;kno] cyohj tkV] vfHkeU;w iVsy] fodkl ekS;Z,33oha m-iz- dSuks fLizaV pSfEi;uf'ki 2024 esa izfrHkkx gsrq,,2024-03-17T00:00:00,2024,dkuiqj,16-03-2024,18-03-2024,2024,ds&4 ¼500eh0½,jtr,
13,dq-f[k-,ftEukfLVd,,,lw;Z izdk'k,40oha m-iz- ftEukfLVd izfr;ksfxrk,[ksyxkao ifCyd Ldwy] iz;kxjkt,15-03-2024 ls 17-03-2024 rd ,2024,iz;kxjkt,15-03-2024,17-03-2024,2024,,jtr,
14,dq-f[k-,ftEukfLVd,,,lw;Z izdk'k,40oha m-iz- ftEukfLVd izfr;ksfxrk,[ksyxkao ifCyd Ldwy] iz;kxjkt,15-03-2024 ls 17-03-2024 rd ,2024,iz;kxjkt,15-03-2024,17-03-2024,2024,,dkaL;,
15,dq-f[k-,ftEukfLVd,,,lw;Z izdk'k,40oha m-iz- ftEukfLVd izfr;ksfxrk,[ksyxkao ifCyd Ldwy] iz;kxjkt,15-03-2024 ls 17-03-2024 rd ,2024,iz;kxjkt,15-03-2024,17-03-2024,2024,,dkaL;,
16,dq-f[k-,ftEukfLVd,,,luh flag,40oha m-iz- ftEukfLVd izfr;ksfxrk,[ksyxkao ifCyd Ldwy] iz;kxjkt,15-03-2024 ls 17-03-2024 rd ,2024,iz;kxjkt,15-03-2024,17-03-2024,2024,,Lo.kZ,
17,dq-f[k-,ftEukfLVd,,,v{kr,40oha m-iz- ftEukfLVd izfr;ksfxrk,[ksyxkao ifCyd Ldwy] iz;kxjkt,15-03-2024 ls 17-03-2024 rd ,2024,iz;kxjkt,15-03-2024,17-03-2024,2024,,jtr,
18,dq-f[k-,ftEukfLVd,,,lanhi dqekj,40oha m-iz- ftEukfLVd izfr;ksfxrk,[ksyxkao ifCyd Ldwy] iz;kxjkt,15-03-2024 ls 17-03-2024 rd ,2024,iz;kxjkt,15-03-2024,17-03-2024,2024,,jtr,
19,dq-f[k-,ftEukfLVd,,,lanhi dqekj,40oha m-iz- ftEukfLVd izfr;ksfxrk,[ksyxkao ifCyd Ldwy] iz;kxjkt,15-03-2024 ls 17-03-2024 rd ,2024,iz;kxjkt,15-03-2024,17-03-2024,2024,,dkaL;,
20,dq-f[k-,ftEukfLVd,,,la{ksi ;kno,40oha m-iz- ftEukfLVd izfr;ksfxrk,[ksyxkao ifCyd Ldwy] iz;kxjkt,15-03-2024 ls 17-03-2024 rd ,2024,iz;kxjkt,15-03-2024,17-03-2024,2024,,jtr,
21,dq-f[k-,ftEukfLVd,,,la{ksi ;kno,40oha m-iz- ftEukfLVd izfr;ksfxrk,[ksyxkao ifCyd Ldwy] iz;kxjkt,15-03-2024 ls 17-03-2024 rd ,2024,iz;kxjkt,15-03-2024,17-03-2024,2024,,dkaL;,
22,dq-f[k-,ftEukfLVd,,,eks0 vQlkj [kku,40oha m-iz- ftEukfLVd izfr;ksfxrk,[ksyxkao ifCyd Ldwy] iz;kxjkt,15-03-2024 ls 17-03-2024 rd ,2024,iz;kxjkt,15-03-2024,17-03-2024,2024,,dkaL;,
23,dq-f[k-,ftEukfLVd,,,vkdk'k vk;kZ,40oha m-iz- ftEukfLVd izfr;ksfxrk,[ksyxkao ifCyd Ldwy] iz;kxjkt,15-03-2024 ls 17-03-2024 rd ,2024,iz;kxjkt,15-03-2024,17-03-2024,2024,,Lo.kZ,
24,dq-f[k-,ckfDlax,,,l{ke flag,"[ksyksa bf.M;k vkj-vkbZ-lh- vksiu VsysUV gaV byhV efgyk ,oa iq:""k izfr;ksfxrk&24",,11-03-2024 ls 18-03-2024 ,2024,vle,11-03-2024,18-03-2024,2024,,dkaL;,
25,dq-f[k-,ckfDlax,,,jkdh pkS/kjh,"[ksyksa bf.M;k vkj-vkbZ-lh- vksiu VsysUV gaV byhV efgyk ,oa iq:""k izfr;ksfxrk&24",,11-03-2024 ls 18-03-2024 ,2024,vle,11-03-2024,18-03-2024,2024,,Lo.kZ,
26,dq-f[k-,ckfDlax,,,vkLFkk igok,"[ksyksa bf.M;k vkj-vkbZ-lh- vksiu VsysUV gaV byhV efgyk ,oa iq:""k izfr;ksfxrk&24",,11-03-2024 ls 18-03-2024 ,2024,vle,11-03-2024,18-03-2024,2024,,Lo.kZ,
27,dq-f[k-,dq'rh,,,eksfgr [kks[kj,v.Mj 20 LVsV pSfEi;uf'ki ,,21-03-24 ls 22-03-24 xks.Mk,2024,xkSrecq)uxj,10-03-2024,11-03-2024,2024,&,Lo.kZ,
28,dq-f[k-,dq'rh,,,nhik,v.Mj 20 LVsV pSfEi;uf'ki ,,21-03-24 ls 22-03-24 xks.Mk,2024,xkSrecq)uxj,10-03-2024,11-03-2024,2024,&,dkaL;,
29,dq-f[k-,dq'rh,,,papy fljksgh,v.Mj 20 LVsV pSfEi;uf'ki ,,21-03-24 ls 22-03-24 xks.Mk,2024,xkSrecq)uxj,10-03-2024,11-03-2024,2024,&,jtr,
30,dq-f[k-,rkbDok.Mksa,vj{kh,,"_""kHk",lhfu;j pSfEi;u vkQ pSfEi;u izfr;ksfxrk 2024,"ukfld egkjk""Vª", 29-03-2024 ls 30-03-2024,2024,"ukfld egkjk""Vª",29-03-2024,30-03-2024,2024,&,स्वर्ण,
31,dq-f[k-,rkbDok.Mksa,vj{kh,,"_f""k jk;",lhfu;j pSfEi;u vkQ pSfEi;u izfr;ksfxrk 2024,"ukfld egkjk""Vª", 29-03-2024 ls 30-03-2024,2024,,29-03-2024,30-03-2024,2024,&,jtr,
32,dq-f[k-,rkbDok.Mksa,e- vj{kh,,vuh'kk,lhfu;j pSfEi;u vkQ pSfEi;u izfr;ksfxrk 2024,"ukfld egkjk""Vª", 29-03-2024 ls 30-03-2024,2024,,29-03-2024,30-03-2024,2024,&,स्वर्ण,
33,dq-f[k-,twMks,,,vt; ;kno,us'kuy jSafdx Vªk;y ,vkbZ-th- LVsfM;e ubZ fnYyh,12-03-2024 ls 14-03-2024,2024,ubZ fnYyh,06-03-2024,14-03-2024,2024,-,jtr,
34,dq-f[k-,twMks,,,vfUre ;kno,us'kuy jSafdx Vªk;y ,vkbZ-th- LVsfM;e ubZ fnYyh,12-03-2024 ls 14-03-2024,2024,ubZ fnYyh,06-03-2024,14-03-2024,2024,-,jtr,
35,dq-f[k-,okyhcky,,,fiz;adk] dhfrZ] eSukorh] rfu'kk]  'kSyh] [kq'kcw xqIrk] fu'kh flag] vfxzek f=ikBh] bZ'kk,Lo- Jh ukukyky Hkwrk Le`fr vf[ky Hkkjrh; okyhcky izfr;ksfxrk ¼vkeU=.k izfr;ksfxrk½ esa izfrHkkx gsrq,fHk.M e/; izns'k,07-04-2024 ls 09-04-2024,2024,fHk.M] e-iz-,07-04-2024,09-04-2024,2024,&,Lo.kZ,
36,dq-f[k-,ckfDlax,e- vj{kh,,vkLFkk igok,REC combined national level talent hunt Program 2023-24,gfj;k.kk,30-3-2024 to 15-4-2024,2024,gfj;k.kk,30-03-2024,15-04-2024,2024,,dkaL;,
37,dq-f[k-,ckfDlax,vkj{kh,,jkWdh pkS/kjh,REC combined national level talent hunt Program 2023-24,gfj;k.kk,30-3-2024 to 15-4-2024,2024,gfj;k.kk,30-03-2024,15-04-2024,2024,,jtr,
38,lkeU;,",FkysfVDl",vkj{kh,,vkyksd Fkk:,"31oha m-iz- vksiu LVsV ,FkysfVDl pSfEi;uf'ki 2024",dkuiqj,2024-04-19T00:00:00,2024,dkuiqj,19-04-2024,19-04-2024,2024,200eh-,jtr,jkT;
39,lkeU;,",FkysfVDl",vkj{kh,,fnfXot; flag,"31oha m-iz- vksiu LVsV ,FkysfVDl pSfEi;uf'ki 2024",dkuiqj,2024-04-19T00:00:00,2024,dkuiqj,19-04-2024,19-04-2024,2024,1500eh-,jtr,jkT;
40,lkeU;,",FkysfVDl",vkj{kh,,f'kokax rksej,"31oha m-iz- vksiu LVsV ,FkysfVDl pSfEi;uf'ki 2024",dkuiqj,2024-04-19T00:00:00,2024,dkuiqj,19-04-2024,19-04-2024,2024,1500eh-,dkaL;,jkT;
41,dq-f[k-,",FkysfVDl",vkj{kh,,vthr pkSgku,"31oha m-iz- vksiu LVsV ,FkysfVDl pSfEi;uf'ki 2024",dkuiqj,2024-04-19T00:00:00,2024,dkuiqj,19-04-2024,19-04-2024,2024,100eh-,jtr,jkT;
42,dq-f[k-,",FkysfVDl",vkj{kh,,jfoUnz ikloku,"31oha m-iz- vksiu LVsV ,FkysfVDl pSfEi;uf'ki 2024",dkuiqj,2024-04-19T00:00:00,2024,dkuiqj,19-04-2024,19-04-2024,2024,200eh-,dkaL;,jkT;
43,dq-f[k-,",FkysfVDl",vkj{kh,,iadt,"31oha m-iz- vksiu LVsV ,FkysfVDl pSfEi;uf'ki 2024",dkuiqj,2024-04-19T00:00:00,2024,dkuiqj,19-04-2024,19-04-2024,2024,400eh-,dkaL;,jkT;
44,dq-f[k-,",FkysfVDl",vkj{kh,,fiza'k dqekj,"31oha m-iz- vksiu LVsV ,FkysfVDl pSfEi;uf'ki 2024",dkuiqj,2024-04-19T00:00:00,2024,dkuiqj,19-04-2024,19-04-2024,2024,5000eh-,Lo.kZ,jkT;
45,dq-f[k-,",FkysfVDl",vkj{kh,,iadt dqekj,"31oha m-iz- vksiu LVsV ,FkysfVDl pSfEi;uf'ki 2024",dkuiqj,2024-04-19T00:00:00,2024,dkuiqj,19-04-2024,19-04-2024,2024,10000eh-,Lo.kZ,jkT;
46,dq-f[k-,",FkysfVDl",vkj{kh,,lfpu xwtj,"31oha m-iz- vksiu LVsV ,FkysfVDl pSfEi;uf'ki 2024",dkuiqj,2024-04-19T00:00:00,2024,dkuiqj,19-04-2024,19-04-2024,2024,f=dqV,Lo.kZ,jkT;
47,dq-f[k-,",FkysfVDl",vkj{kh,,fgeka'kq ;kno,"31oha m-iz- vksiu LVsV ,FkysfVDl pSfEi;uf'ki 2024",dkuiqj,2024-04-19T00:00:00,2024,dkuiqj,19-04-2024,19-04-2024,2024,f=dqV,dkaL;,jkT;
48,dq-f[k-,",FkysfVDl",vkj{kh,,vk;Zu pkS/kjh,"31oha m-iz- vksiu LVsV ,FkysfVDl pSfEi;uf'ki 2024",dkuiqj,2024-04-19T00:00:00,2024,dkuiqj,19-04-2024,19-04-2024,2024,yEch dwn,jtr,jkT;
49,dq-f[k-,",FkysfVDl",vkj{kh,,f'koe pkS/kjh,"31oha m-iz- vksiu LVsV ,FkysfVDl pSfEi;uf'ki 2024",dkuiqj,2024-04-19T00:00:00,2024,dkuiqj,19-04-2024,19-04-2024,2024, 'kkWViqV Fkzks,dkaL;,jkT;
50,dq-f[k-,",FkysfVDl",vkj{kh,,vuqjkx iVsy,"31oha m-iz- vksiu LVsV ,FkysfVDl pSfEi;uf'ki 2024",dkuiqj,2024-04-19T00:00:00,2024,dkuiqj,19-04-2024,19-04-2024,2024,fMLdl Fkzks,dkaL;,jkT;
51,dq-f[k-,",FkysfVDl",vkj{kh,,"_""kHk usgjk","31oha m-iz- vksiu LVsV ,FkysfVDl pSfEi;uf'ki 2024",dkuiqj,2024-04-19T00:00:00,2024,dkuiqj,19-04-2024,19-04-2024,2024,tsofyu Fkzks,Lo.kZ,jkT;
52,dq-f[k-,",FkysfVDl",vkj{kh,,lfpu,"31oha m-iz- vksiu LVsV ,FkysfVDl pSfEi;uf'ki 2024",dkuiqj,2024-04-19T00:00:00,2024,dkuiqj,19-04-2024,19-04-2024,2024,tsofyu Fkzks,dkaL;,jkT;
53,lkeU;,",FkysfVDl",vkj{kh,,euksjek,"31oha m-iz- vksiu LVsV ,FkysfVDl pSfEi;uf'ki 2024",dkuiqj,2024-04-19T00:00:00,2024,dkuiqj,19-04-2024,19-04-2024,2024,800eh-,dkaL;,jkT;
54,lkeU;,",FkysfVDl",vkj{kh,,;ksxs'k,"31oha m-iz- vksiu LVsV ,FkysfVDl pSfEi;uf'ki 2024",dkuiqj,2024-04-19T00:00:00,2024,dkuiqj,19-04-2024,19-04-2024,2024,200eh- ,dkaL;,jkT;
55,dq-f[k-,",FkysfVDl",e- vj{kh,,fiz;adk fldjokj,"31oha m-iz- vksiu LVsV ,FkysfVDl pSfEi;uf'ki 2024",dkuiqj,2024-04-19T00:00:00,2024,dkuiqj,19-04-2024,19-04-2024,2024,100eh-,Lo.kZ,jkT;
56,dq-f[k-,",FkysfVDl",e- vj{kh,,fiz;adk fldjokj,"31oha m-iz- vksiu LVsV ,FkysfVDl pSfEi;uf'ki 2024",dkuiqj,2024-04-19T00:00:00,2024,dkuiqj,19-04-2024,19-04-2024,2024,200eh-,Lo.kZ,jkT;
57,dq-f[k-,",FkysfVDl",e- vj{kh,,ehuw 'kkgw,"31oha m-iz- vksiu LVsV ,FkysfVDl pSfEi;uf'ki 2024",dkuiqj,2024-04-19T00:00:00,2024,dkuiqj,19-04-2024,19-04-2024,2024,400eh-,Lo.kZ,jkT;
58,dq-f[k-,",FkysfVDl",e- vj{kh,,jksth iVsy,"31oha m-iz- vksiu LVsV ,FkysfVDl pSfEi;uf'ki 2024",dkuiqj,2024-04-19T00:00:00,2024,dkuiqj,19-04-2024,19-04-2024,2024,20fdeh- okd pky,Lo.kZ,jkT;
59,dq-f[k-,",FkysfVDl",e- vj{kh,,js'kek iVsy,"31oha m-iz- vksiu LVsV ,FkysfVDl pSfEi;uf'ki 2024",dkuiqj,2024-04-19T00:00:00,2024,dkuiqj,19-04-2024,19-04-2024,2024,20fdeh- okd pky,jtr,jkT;
60,dq-f[k-,",FkysfVDl",e- vj{kh,,f'kYih ;kno,"31oha m-iz- vksiu LVsV ,FkysfVDl pSfEi;uf'ki 2024",dkuiqj,2024-04-19T00:00:00,2024,dkuiqj,19-04-2024,19-04-2024,2024,5000eh-,jtr,jkT;
61,dq-f[k-,",FkysfVDl",e- vj{kh,,furq dqekjh,"31oha m-iz- vksiu LVsV ,FkysfVDl pSfEi;uf'ki 2024",dkuiqj,2024-04-19T00:00:00,2024,dkuiqj,19-04-2024,19-04-2024,2024,10000eh-,Lo.kZ,jkT;
62,dq-f[k-,",FkysfVDl",e- vj{kh,,mTtoyk,"31oha m-iz- vksiu LVsV ,FkysfVDl pSfEi;uf'ki 2024",dkuiqj,2024-04-19T00:00:00,2024,dkuiqj,19-04-2024,19-04-2024,2024,5000eh-,dkaL;,jkT;
63,dq-f[k-,",FkysfVDl",e- vj{kh,,mTtoyk,"31oha m-iz- vksiu LVsV ,FkysfVDl pSfEi;uf'ki 2024",dkuiqj,2024-04-19T00:00:00,2024,dkuiqj,19-04-2024,19-04-2024,2024,1500eh-,dkaL;,jkT;
64,dq-f[k-,",FkysfVDl",vkj{kh,,f'kokth nwcs,"31oha m-iz- vksiu LVsV ,FkysfVDl pSfEi;uf'ki 2024",dkuiqj,2024-04-19T00:00:00,2024,dkuiqj,19-04-2024,19-04-2024,2024,yEch dwn,dkaL;,jkT;
65,dq-f[k-,",FkysfVDl",e- vj{kh,,fu/kh,"31oha m-iz- vksiu LVsV ,FkysfVDl pSfEi;uf'ki 2024",dkuiqj,2024-04-19T00:00:00,2024,dkuiqj,19-04-2024,19-04-2024,2024,yEch dwn,Lo.kZ,jkT;
66,dq-f[k-,",FkysfVDl",e- vj{kh,,fu/kh,"31oha m-iz- vksiu LVsV ,FkysfVDl pSfEi;uf'ki 2024",dkuiqj,2024-04-19T00:00:00,2024,dkuiqj,19-04-2024,19-04-2024,2024,f=dwV,jtr,jkT;
67,lkeU;,",FkysfVDl",vkj{kh,,vkyksd flag,"31oha m-iz- vksiu LVsV ,FkysfVDl pSfEi;uf'ki 2024",xkft;kckn,2024-04-20T00:00:00,2024,xkft;kckn,20-04-2024,20-04-2024,2024,iksyokYV,jtr,jkT;
68,dq-f[k-,",FkysfVDl",vkj{kh,,"vk'kh""k iky","31oha m-iz- vksiu LVsV ,FkysfVDl pSfEi;uf'ki 2024",xkft;kckn,2024-04-20T00:00:00,2024,xkft;kckn,20-04-2024,20-04-2024,2024,3000eh- LVs-ps-,Lo.kZ,jkT;
69,dq-f[k-,",FkysfVDl",vkj{kh,,lanhi ;kno,"31oha m-iz- vksiu LVsV ,FkysfVDl pSfEi;uf'ki 2024",xkft;kckn,2024-04-20T00:00:00,2024,xkft;kckn,20-04-2024,20-04-2024,2024,gkbZ tEi,jtr,jkT;
70,dq-f[k-,",FkysfVDl",vkj{kh,,dqekj lkuw fxfj,"31oha m-iz- vksiu LVsV ,FkysfVDl pSfEi;uf'ki 2024",xkft;kckn,2024-04-20T00:00:00,2024,xkft;kckn,20-04-2024,20-04-2024,2024,gkbZ tEi,Lo.kZ,jkT;
71,dq-f[k-,",FkysfVDl",vkj{kh,,fctsUnz,"31oha m-iz- vksiu LVsV ,FkysfVDl pSfEi;uf'ki 2024",xkft;kckn,2024-04-20T00:00:00,2024,xkft;kckn,20-04-2024,20-04-2024,2024,gkbZ tEi,jtr,jkT;
72,dq-f[k-,",FkysfVDl",vkj{kh,,vHk; ukjk;.k,"31oha m-iz- vksiu LVsV ,FkysfVDl pSfEi;uf'ki 2024",xkft;kckn,2024-04-20T00:00:00,2024,xkft;kckn,20-04-2024,20-04-2024,2024,400eh gSMy,Lo.kZ,jkT;
73,dq-f[k-,",FkysfVDl",e- vj{kh,,ekgh,"31oha m-iz- vksiu LVsV ,FkysfVDl pSfEi;uf'ki 2024",xkft;kckn,2024-04-20T00:00:00,2024,xkft;kckn,20-04-2024,20-04-2024,2024,iksy okYV,Lo.kZ,jkT;
74,dq-f[k-,",FkysfVDl",e- vj{kh,,jf'e,"31oha m-iz- vksiu LVsV ,FkysfVDl pSfEi;uf'ki 2024",xkft;kckn,2024-04-20T00:00:00,2024,xkft;kckn,20-04-2024,20-04-2024,2024,iksy okYV,jtr,jkT;
75,dq-f[k-,",FkysfVDl",e- vj{kh,,_fRodk,"31oha m-iz- vksiu LVsV ,FkysfVDl pSfEi;uf'ki 2024",xkft;kckn,2024-04-20T00:00:00,2024,xkft;kckn,20-04-2024,20-04-2024,2024,100eh- gSMy,Lo.kZ,jkT;
76,dq-f[k-,",FkysfVDl",vkj{kh,,yoyh jktiwr,"31oha m-iz- vksiu LVsV ,FkysfVDl pSfEi;uf'ki 2024",xkft;kckn,2024-04-20T00:00:00,2024,xkft;kckn,20-04-2024,20-04-2024,2024,100eh- gSMy,jtr,jkT;
77,dq-f[k-,",FkysfVDl",vkj{kh,,yoyh jktiwr,"31oha m-iz- vksiu LVsV ,FkysfVDl pSfEi;uf'ki 2024",xkft;kckn,2024-04-20T00:00:00,2024,xkft;kckn,20-04-2024,20-04-2024,2024,400eh- gSMy,jtr,jkT;
78,dq-f[k-,",FkysfVDl",e- vj{kh,,dkty 'kekZ,"31oha m-iz- vksiu LVsV ,FkysfVDl pSfEi;uf'ki 2024",xkft;kckn,2024-04-20T00:00:00,2024,xkft;kckn,20-04-2024,20-04-2024,2024,3000eh- LVs-ps-,jtr,jkT;
79,dq-f[k-,",FkysfVDl",e- vj{kh,, 'kSyh /kkek,"31oha m-iz- vksiu LVsV ,FkysfVDl pSfEi;uf'ki 2024",xkft;kckn,2024-04-20T00:00:00,2024,xkft;kckn,20-04-2024,20-04-2024,2024,3000eh- LVs-ps-,Lo.kZ,jkT;
80,dq-f[k-,dq'rh,e- vj{kh,,papy fljksgh,"v.Mj&17 ,oa v.Mj&23 LVsV dq'rh pSfEi;uf'ki",,,,xks.Mk,31-05-2024,02-06-2024,2024,50fdxzk-HkkjoxZ,Lo.kZ,jkT;
81,dq-f[k-,dq'rh,e- vj{kh,,gseyrk,"v.Mj&17 ,oa v.Mj&23 LVsV dq'rh pSfEi;uf'ki",,,,xks.Mk,31-05-2024,02-06-2024,2024,53fdxzk-HkkjoxZ,jtr,jkT;
82,dq-f[k-,dq'rh,e- vj{kh,,nhik,"v.Mj&17 ,oa v.Mj&23 LVsV dq'rh pSfEi;uf'ki",,,,xks.Mk,31-05-2024,02-06-2024,2024,68fdxzk-HkkjoxZ,dkaL;,jkT;
83,dq-f[k-,dq'rh,e- vj{kh,,vuwi dqekj,"v.Mj&17 ,oa v.Mj&23 LVsV dq'rh pSfEi;uf'ki",,,,xks.Mk,31-05-2024,02-06-2024,2024,60fdxzk-HkkjoxZ,Lo.kZ,jkT;
84,dq-f[k-,dq'rh,e- vj{kh,,Hkksyw ;kno,"v.Mj&17 ,oa v.Mj&23 LVsV dq'rh pSfEi;uf'ki",,,,xks.Mk,31-05-2024,02-06-2024,2024,67fdxzk-HkkjoxZ,Lo.kZ,jkT;
85,dq-f[k-,dq'rh,vkj{kh,,gjh'k ;kno,"v.Mj&17 ,oa v.Mj&23 LVsV dq'rh pSfEi;uf'ki",,,,xks.Mk,31-05-2024,02-06-2024,2024,77fdxzk-HkkjoxZ,jtr,jkT;
86,dq-f[k-,dq'rh,vkj{kh,,fo'kky lkguh,"v.Mj&17 ,oa v.Mj&23 LVsV dq'rh pSfEi;uf'ki",,,,xks.Mk,31-05-2024,02-06-2024,2024,61fdxzk-HkkjoxZ,Lo.kZ,jkT;
87,dq-f[k-,dq'rh,vkj{kh,,yksdsUnz ;kno,"v.Mj&17 ,oa v.Mj&23 LVsV dq'rh pSfEi;uf'ki",,,,xks.Mk,31-05-2024,02-06-2024,2024,92fdxzk-HkkjoxZ,dkaL;,jkT;
88,dq-f[k-,dq'rh,vkj{kh,,xksfoUn dqekj,"v.Mj&17 ,oa v.Mj&23 LVsV dq'rh pSfEi;uf'ki",,,,xks.Mk,31-05-2024,02-06-2024,2024,92fdxzk-HkkjoxZ,dkaL;,jkT;
89,dq-f[k-,",FkysfVDl",vkj{kh,,fiz;adk fldjokj,"31oha ;wih LVsV vksisu ,FkysfVDl pSfEi;uf'ki 2024",,,,"lkbZ y[kuÅ@
xkft;kckn",08-06-2024,02-06-2032,2024,100eh-,Lo.kZ,jkT;
90,dq-f[k-,",FkysfVDl",vkj{kh,,fiz;adk fldjokj,"31oha ;wih LVsV vksisu ,FkysfVDl pSfEi;uf'ki 2024",,,,"lkbZ y[kuÅ@
xkft;kckn",08-06-2024,02-06-2032,2024,200eh-,Lo.kZ,jkT;
91,dq-f[k-,",FkysfVDl",vkj{kh,,iadt,"31oha ;wih LVsV vksisu ,FkysfVDl pSfEi;uf'ki 2024",,,,"lkbZ y[kuÅ@
xkft;kckn",08-06-2024,02-06-2032,2024,400eh-,Lo.kZ,jkT;
92,dq-f[k-,",FkysfVDl",vkj{kh,,fizal dqekj,"31oha ;wih LVsV vksisu ,FkysfVDl pSfEi;uf'ki 2024",,,,"lkbZ y[kuÅ@
xkft;kckn",08-06-2024,02-06-2032,2024,1500eh-,Lo.kZ,jkT;
93,dq-f[k-,",FkysfVDl",vkj{kh,,fizal dqekj,"31oha ;wih LVsV vksisu ,FkysfVDl pSfEi;uf'ki 2024",,,,"lkbZ y[kuÅ@
xkft;kckn",08-06-2024,02-06-2032,2024,5000eh-,Lo.kZ,jkT;
94,dq-f[k-,",FkysfVDl",vkj{kh,,eerk iky,"31oha ;wih LVsV vksisu ,FkysfVDl pSfEi;uf'ki 2024",,,,"lkbZ y[kuÅ@
xkft;kckn",08-06-2024,02-06-2032,2024,10000eh-,Lo.kZ,jkT;
95,dq-f[k-,",FkysfVDl",vkj{kh,,f'kokaxh nqcs,"31oha ;wih LVsV vksisu ,FkysfVDl pSfEi;uf'ki 2024",,,,"lkbZ y[kuÅ@
xkft;kckn",08-06-2024,02-06-2032,2024,ykax tEi,Lo.kZ,jkT;
96,dq-f[k-,",FkysfVDl",vkj{kh,,lanhi dqekj,"31oha ;wih LVsV vksisu ,FkysfVDl pSfEi;uf'ki 2024",,,,"lkbZ y[kuÅ@
xkft;kckn",08-06-2024,02-06-2032,2024,gkbZ tEi,Lo.kZ,jkT;
97,dq-f[k-,",FkysfVDl",vkj{kh,,fgeka'kq ;kno,"31oha ;wih LVsV vksisu ,FkysfVDl pSfEi;uf'ki 2024",,,,"lkbZ y[kuÅ@
xkft;kckn",08-06-2024,02-06-2032,2024,fVªiy tEi,Lo.kZ,jkT;
98,dq-f[k-,",FkysfVDl",vkj{kh,,"vk'kh""k dqekj","31oha ;wih LVsV vksisu ,FkysfVDl pSfEi;uf'ki 2024",,,,"lkbZ y[kuÅ@
xkft;kckn",08-06-2024,02-06-2032,2024,fMLdl Fkzks,Lo.kZ,jkT;
99,dq-f[k-,",FkysfVDl",vkj{kh,,vuqjkx iVsy,"31oha ;wih LVsV vksisu ,FkysfVDl pSfEi;uf'ki 2024",,,,"lkbZ y[kuÅ@
xkft;kckn",08-06-2024,02-06-2032,2024,fMLdl Fkzks,jtr,jkT;
100,dq-f[k-,Økld.Vªh,vkj{kh,,eks- vyhe,"31oha ;wih LVsV vksisu ,FkysfVDl pSfEi;uf'ki 2024",,,,"lkbZ y[kuÅ@
xkft;kckn",08-06-2024,02-06-2032,2024,10000eh-,jtr,jkT;
101,dq-f[k-,",FkysfVDl",vkj{kh,,uhrw dqekjh,"31oha ;wih LVsV vksisu ,FkysfVDl pSfEi;uf'ki 2024",,,,"lkbZ y[kuÅ@
xkft;kckn",08-06-2024,02-06-2032,2024,10000eh-,jtr,jkT;
102,dq-f[k-,",FkysfVDl",vkj{kh,,eerk iky,"31oha ;wih LVsV vksisu ,FkysfVDl pSfEi;uf'ki 2024",,,,"lkbZ y[kuÅ@
xkft;kckn",08-06-2024,02-06-2032,2024,5000eh-,jtr,jkT;
103,dq-f[k-,",FkysfVDl",vkj{kh,,"vfHk""ksd flag","31oha ;wih LVsV vksisu ,FkysfVDl pSfEi;uf'ki 2024",,,,"lkbZ y[kuÅ@
xkft;kckn",08-06-2024,02-06-2032,2024,xksyk Qsad,jtr,jkT;
104,dq-f[k-,",FkysfVDl",vkj{kh,,fctsUnz,"31oha ;wih LVsV vksisu ,FkysfVDl pSfEi;uf'ki 2024",,,,"lkbZ y[kuÅ@
xkft;kckn",08-06-2024,02-06-2032,2024,gkbZ tEi,jtr,jkT;
105,dq-f[k-,",FkysfVDl",vkj{kh,,lfpu xwtj,"31oha ;wih LVsV vksisu ,FkysfVDl pSfEi;uf'ki 2024",,,,"lkbZ y[kuÅ@
xkft;kckn",08-06-2024,02-06-2032,2024,fVªiy tEi,jtr,jkT;
106,lkeU;,",FkysfVDl",vkj{kh,,vkyksd flag,"31oha ;wih LVsV vksisu ,FkysfVDl pSfEi;uf'ki 2024",,,,"lkbZ y[kuÅ@
xkft;kckn",08-06-2024,02-06-2032,2024,iksy okYV,jtr,jkT;
107,dq-f[k-,",FkysfVDl",e- vj{kh,,Vhuk,"31oha ;wih LVsV vksisu ,FkysfVDl pSfEi;uf'ki 2024",,,,"lkbZ y[kuÅ@
xkft;kckn",08-06-2024,02-06-2032,2024,200eh-,dkaL;,jkT;
108,dq-f[k-,",FkysfVDl",vkj{kh,,f'kokax feJk,"31oha ;wih LVsV vksisu ,FkysfVDl pSfEi;uf'ki 2024",,,,"lkbZ y[kuÅ@
xkft;kckn",08-06-2024,02-06-2032,2024,400eh-,dkaL;,jkT;
109,lkeU;,",FkysfVDl",m-fu-,,cyjke,"31oha ;wih LVsV vksisu ,FkysfVDl pSfEi;uf'ki 2024",,,,"lkbZ y[kuÅ@
xkft;kckn",08-06-2024,02-06-2032,2024,5000eh-,dkaL;,jkT;
110,dq-f[k-,",FkysfVDl",vkj{kh,,vkdk'k xzsoky,"31oha ;wih LVsV vksisu ,FkysfVDl pSfEi;uf'ki 2024",,,,"lkbZ y[kuÅ@
xkft;kckn",08-06-2024,02-06-2032,2024,xksyk Qsad,dkaL;,jkT;
111,dq-f[k-,",FkysfVDl",e- vj{kh,,jf'e,"31oha ;wih LVsV vksisu ,FkysfVDl pSfEi;uf'ki 2024",,,,"lkbZ y[kuÅ@
xkft;kckn",08-06-2024,02-06-2032,2024,iksy okYV,dkaL;,jkT;
112,dq-f[k-,gkWdh,vkj{kh,,vuar fo'odekZ] eks0 gkfj'k] vfer ;kno] jkgqy ;kno] fo'kky oekZ] ;Uny ;kno] lwjt iky] xxu jktHkj] dey ukjk;u flag,"16oka vksyfEi;u foosd flag izkbteuh 07&, izfr;ksfxrk",,,,okjk.klh,04-06-2024,09-06-2024,2024,,Lo.kZ,jkT;
113,dq-f[k-, 'kwfVax,vkj{kh,,vueksy vjksMk,23oha izh ;wih LVsV 'kwfVax izfr;ksfxrk,,,,ubZ fnYyh,22-06-2024,25-06-2024,2024,25eh- LVS.MMZ fiLVy,Lo.kZ,jkT;
114,dq-f[k-, 'kwfVax,vkj{kh,,xkSjo 'kekZ,23oha izh ;wih LVsV 'kwfVax izfr;ksfxrk,,,,ubZ fnYyh,22-06-2024,25-06-2024,2024,25eh- LVS.MMZ fiLVy,jtr,jkT;
115,dq-f[k-, 'kwfVax,vkj{kh,,fu'kkar rksej,23oha izh ;wih LVsV 'kwfVax izfr;ksfxrk,,,,ubZ fnYyh,22-06-2024,25-06-2024,2024,25eh- LVS.MMZ fiLVy,dkaL;,jkT;
116,dq-f[k-, 'kwfVax,vkj{kh,,ok'kw lkxoku,23oha izh ;wih LVsV 'kwfVax izfr;ksfxrk,,,,ubZ fnYyh,22-06-2024,25-06-2024,2024,50eh- Qzh fiLVy,jtr,jkT;
117,dq-f[k-, 'kwfVax,e- vj{kh,,jf'e dqekjh,23oha izh ;wih LVsV 'kwfVax izfr;ksfxrk,,,,ubZ fnYyh,22-06-2024,25-06-2024,2024,50eh- jkbQy iksu iksth'ku,dkaL;,jkT;
118,dq-f[k-, 'kwfVax,e- vj{kh,,bZf'kdk,23oha izh ;wih LVsV 'kwfVax izfr;ksfxrk,,,,ubZ fnYyh,22-06-2024,25-06-2024,2024,"10eh- ,;j jkbQy",jtr,jkT;
119,dq-f[k-, 'kwfVax,e- vj{kh,,"euh""kk iky",23oha izh ;wih LVsV 'kwfVax izfr;ksfxrk,,,,ubZ fnYyh,22-06-2024,25-06-2024,2024,"10eh- ,;j fiLVy",Lo.kZ,jkT;
120,dq-f[k-, 'kwfVax,e- vj{kh,,"euh""kk iky",23oha izh ;wih LVsV 'kwfVax izfr;ksfxrk,,,,ubZ fnYyh,22-06-2024,25-06-2024,2024,25eh- fiLVy,jtr,jkT;
121,dq-f[k-, 'kwfVax,e- vj{kh,,usgk,23oha izh ;wih LVsV 'kwfVax izfr;ksfxrk,,,,ubZ fnYyh,22-06-2024,25-06-2024,2024,25eh- LiksVZl fiLVy,Lo.kZ,jkT;
122,lkeU;,;ksxk,e- vj{kh,,jksfgu R;kxh,jkT; Lrjh; izfr;ksfxrk,,,,vejksgk,27-06-2024,29-06-2024,2024,&,dkaL;,jkT;
123,lkeU;,;ksxk,e- vj{kh,,fjrq Bkdqj,jkT; Lrjh; izfr;ksfxrk,,,,vejksgk,27-06-2024,29-06-2024,2024,&,Lo.kZ,jkT;
124,lkeU;,;ksxk,e- vj{kh,,eksfudk 'kqDyk,jkT; Lrjh; izfr;ksfxrk,,,,vejksgk,27-06-2024,29-06-2024,2024,&,jtr,jkT;
125,dq-f[k-,rkbDok.Mksa,vkj{kh,,"_f""k jk;",41oha jkT; Lrjh; rkbDok.Mks izfr;ksfxrk,,,,y[kuÅ,12-07-2024,14-07-2024,2024,68fdxzk-HkkjoxZ,Lo.kZ,jkT;
126,dq-f[k-,rkbDok.Mksa,e- vj{kh,,"_f""krk jk;",41oha jkT; Lrjh; rkbDok.Mks izfr;ksfxrk,,,,y[kuÅ,12-07-2024,14-07-2024,2024,62fdxzk-,Lo.kZ,jkT;
127,dq-f[k-,rkbDok.Mksa,e- vj{kh,,[kq'kcw ;kno,41oha jkT; Lrjh; rkbDok.Mks izfr;ksfxrk,,,,y[kuÅ,12-07-2024,14-07-2024,2024,72fdxzk-,jtr,jkT;
128,dq-f[k-,rkbDok.Mksa,e- vj{kh,,lhek dukSft;k,41oha jkT; Lrjh; rkbDok.Mks izfr;ksfxrk,,,,y[kuÅ,12-07-2024,14-07-2024,2024,49fdxzk,Lo.kZ,jkT;
129,dq-f[k-,rkbDok.Mksa,e- vj{kh,,e/kq flag,41oha jkT; Lrjh; rkbDok.Mks izfr;ksfxrk,,,,y[kuÅ,12-07-2024,14-07-2024,2024,67fdxzk-HkkjoxZ,Lo.kZ,jkT;
130,lkeU;, 'kwfVax,vkj{kh,,fizal ;kno,47oha ;w-ih- LVsV 'kwfVax pSfEi;uf'ki,,,,ubZ fnYyh,05-07-2024,14-07-2024,2024,50eh- Qzh fiLVy,dkaL;,jkT;
131,lkeU;, 'kwfVax,vkj{kh,,vkdk'k pkS/kjh,47oha ;w-ih- LVsV 'kwfVax pSfEi;uf'ki,,,,ubZ fnYyh,05-07-2024,14-07-2024,2024,50eh- Qzh fiLVy,jtr,jkT;
132,lkeU;, 'kwfVax,vkj{kh,,vadqj eku,47oha ;w-ih- LVsV 'kwfVax pSfEi;uf'ki,,,,ubZ fnYyh,05-07-2024,14-07-2024,2024,25eh- lsaVj Qk;j fiLVy,dkaL;,jkT;
133,dq-f[k-, 'kwfVax,vkj{kh,,jfo dqekj tkVo,47oha ;w-ih- LVsV 'kwfVax pSfEi;uf'ki,,,,ubZ fnYyh,05-07-2024,14-07-2024,2024,50eh- jkbQy iksu iksth'ku,jtr,jkT;
134,dq-f[k-, 'kwfVax,vkj{kh,,fu'kkar rksej,47oha ;w-ih- LVsV 'kwfVax pSfEi;uf'ki,,,,ubZ fnYyh,05-07-2024,14-07-2024,2024,25eh- LVs.MMZ fiLVy,dkaL;,jkT;
135,dq-f[k-, 'kwfVax,vkj{kh,,ok'kw lkxoku,47oha ;w-ih- LVsV 'kwfVax pSfEi;uf'ki,,,,ubZ fnYyh,05-07-2024,14-07-2024,2024,50eh- Qzh fiLVy,Lo.kZ,jkT;
136,dq-f[k-, 'kwfVax,vkj{kh,,vueksy vjksMk,47oha ;w-ih- LVsV 'kwfVax pSfEi;uf'ki,,,,ubZ fnYyh,05-07-2024,14-07-2024,2024,25eh- lsaVj Qk;j fiLVy,jtr,jkT;
137,dq-f[k-, 'kwfVax,vkj{kh,,"vk'kh""k dqekj MksMoky",47oha ;w-ih- LVsV 'kwfVax pSfEi;uf'ki,,,,ubZ fnYyh,05-07-2024,14-07-2024,2024,25eh- lsaVj Qk;j fiLVy,Lo.kZ,jkT;
138,dq-f[k-, 'kwfVax,vkj{kh,,"vk'kh""k dqekj MksMoky",47oha ;w-ih- LVsV 'kwfVax pSfEi;uf'ki,,,,ubZ fnYyh,05-07-2024,14-07-2024,2024,50eh- Qzh fiLVy,dkaL;,jkT;
139,dq-f[k-, 'kwfVax,vkj{kh,, 'k'kkad f=ikBh,47oha ;w-ih- LVsV 'kwfVax pSfEi;uf'ki,,,,ubZ fnYyh,05-07-2024,14-07-2024,2024,50eh- jkbQy iksu iksth'ku,dkaL;,jkT;
140,dq-f[k-, 'kwfVax,vkj{kh,,veu jkoy,47oha ;w-ih- LVsV 'kwfVax pSfEi;uf'ki,,,,ubZ fnYyh,05-07-2024,14-07-2024,2024,50eh- jkbQy Qzh iksth'ku,Lo.kZ,jkT;
141,dq-f[k-, 'kwfVax,e- vj{kh,,vYdqe fu'kk,47oha ;w-ih- LVsV 'kwfVax pSfEi;uf'ki,,,,ubZ fnYyh,05-07-2024,14-07-2024,2024,50eh- jkbQy iksu iksth'ku,Lo.kZ,jkT;
142,dq-f[k-, 'kwfVax,e- vj{kh,,jf'e dqekjh,47oha ;w-ih- LVsV 'kwfVax pSfEi;uf'ki,,,,ubZ fnYyh,05-07-2024,14-07-2024,2024,50eh- jkbQy iksu iksth'ku,Lo.kZ,jkT;
143,dq-f[k-, 'kwfVax,e- vj{kh,,iwtk oekZ,47oha ;w-ih- LVsV 'kwfVax pSfEi;uf'ki,,,,ubZ fnYyh,05-07-2024,14-07-2024,2024,50eh- jkbQy Qzh iksth'ku,Lo.kZ,jkT;
144,dq-f[k-, 'kwfVax,e- vj{kh,,"euh""kk iky",47oha ;w-ih- LVsV 'kwfVax pSfEi;uf'ki,,,,ubZ fnYyh,05-07-2024,14-07-2024,2024,50eh- Qzh fiLVy,Lo.kZ,jkT;
145,dq-f[k-, 'kwfVax,e- vj{kh,,usgk,47oha ;w-ih- LVsV 'kwfVax pSfEi;uf'ki,,,,ubZ fnYyh,05-07-2024,14-07-2024,2024,25eh- LiksVZl fiLVy,Lo.kZ,jkT;
146,dq-f[k-, 'kwfVax,e- vj{kh,,bZf'kdk,47oha ;w-ih- LVsV 'kwfVax pSfEi;uf'ki,,,,ubZ fnYyh,05-07-2024,14-07-2024,2024,50eh- jkbQy Qzh iksth'ku,jtr,jkT;
147,lkeU;, 'kwfVax,vkj{kh,,dfiy dqekj,47oha ;w-ih- LVsV 'kwfVax pSfEi;uf'ki,,,,ubZ fnYyh,05-07-2024,14-07-2024,2024,50eh- jkbQy iksu iksth'ku,Lo.kZ,jkT;
148,lkeU;, 'kwfVax,vkj{kh,,dfiy dqekj,47oha ;w-ih- LVsV 'kwfVax pSfEi;uf'ki,,,,ubZ fnYyh,05-07-2024,14-07-2024,2024,50eh- jkbQy Qzh iksth'ku,Lo.kZ,jkT;
149,dq-f[k-@lk-, 'kwfVax,vkj{kh,,vueksy vjksMk] vkyksd xks;y] vadqj eku,47oha ;w-ih- LVsV 'kwfVax pSfEi;uf'ki,,,,ubZ fnYyh,05-07-2024,14-07-2024,2024,25eh- lsaVj Qk;j fiLVy Vhe bosaV,Lo.kZ,jkT;
150,dq-f[k-@lk-, 'kwfVax,vkj{kh,,ok'kw lkxoku] vkdk'k pkS/kjh] fizal ;kno,47oha ;w-ih- LVsV 'kwfVax pSfEi;uf'ki,,,,ubZ fnYyh,05-07-2024,14-07-2024,2024,50eh- Qzh fiLVy Vhe bosaV,Lo.kZ,jkT;
151,dq-f[k-,Vscy Vsful,e- vj{kh,,xquxqu lkgw,fgalsl vkWy bf.M;k vksiu Vscy Vsful pSfEi;uf'ki,,,,gfj;k.kk,11-08-2024,11-08-2024,2024,&,jtr,jkT;
152,dq-f[k-,Vscy Vsful,e- vj{kh,,xquxqu lkgw,fgalsl vkWy bf.M;k vksiu Vscy Vsful pSfEi;uf'ki,,,,gfj;k.kk,11-08-2024,11-08-2024,2024,&,jtr,jkT;
153,dq-f[k-,ckfDlax,e- vj{kh,,vkLFkk igok,REC vksiu VSysUV gaV ckfDlax izfr;ksfxrk ,,,,xkSrecq)uxj,22-08-2024,30-08-2024,2024,&,Lo.kZ,jkT;
154,dq-f[k-,ckfDlax,e- vj{kh,,ekulh,REC vksiu VSysUV gaV ckfDlax izfr;ksfxrk ,,,,xkSrecq)uxj,22-08-2024,30-08-2024,2024,&,dkaL;,jkT;
155,dq-f[k-,ckfDlax,vkj{kh,,vueksy,REC vksiu VSysUV gaV ckfDlax izfr;ksfxrk ,,,,xkSrecq)uxj,22-08-2024,30-08-2024,2024,&,dkaL;,jkT;
156,dq-f[k-,oq'kw,vkj{kh,,jfo lw;Zoa'kh,23oha jkT; Lrjh; lhfu;j oq'kw izfr;ksfxrk 2024,,,,lgkjuiqj,30-08-2024,01-09-2024,2024,uuDoku,Lo.kZ,jkT;
157,dq-f[k-,oq'kw,vkj{kh,,jfo lw;Zoa'kh,23oha jkT; Lrjh; lhfu;j oq'kw izfr;ksfxrk 2024,,,,lgkjuiqj,30-08-2024,01-09-2024,2024,uunkÅ,Lo.kZ,jkT;
158,dq-f[k-,oq'kw,vkj{kh,,eksfgr Fkkik,23oha jkT; Lrjh; lhfu;j oq'kw izfr;ksfxrk 2024,,,,lgkjuiqj,30-08-2024,01-09-2024,2024,uuDoku,jtr,jkT;
159,dq-f[k-,oq'kw,vkj{kh,,eksfgr Fkkik,23oha jkT; Lrjh; lhfu;j oq'kw izfr;ksfxrk 2024,,,,lgkjuiqj,30-08-2024,01-09-2024,2024,uuxqu,Lo.kZ,jkT;
160,dq-f[k-,oq'kw,e- vj{kh,,fiz;adk,23oha jkT; Lrjh; lhfu;j oq'kw izfr;ksfxrk 2024,,,,lgkjuiqj,30-08-2024,01-09-2024,2024,paxDoku,Lo.kZ,jkT;
161,dq-f[k-,oq'kw,e- vj{kh,,gqek [kku,23oha jkT; Lrjh; lhfu;j oq'kw izfr;ksfxrk 2024,,,,lgkjuiqj,30-08-2024,01-09-2024,2024,&48,Lo.kZ,jkT;
162,dq-f[k-,oq'kw,e- vj{kh,,izsj.kk,23oha jkT; Lrjh; lhfu;j oq'kw izfr;ksfxrk 2024,,,,lgkjuiqj,30-08-2024,01-09-2024,2024,&60,Lo.kZ,jkT;
163,dq-f[k-,oq'kw,e- vj{kh,,Jqfr ljoS;k,23oha jkT; Lrjh; lhfu;j oq'kw izfr;ksfxrk 2024,,,,lgkjuiqj,30-08-2024,01-09-2024,2024,&70,Lo.kZ,jkT;
164,dq-f[k-,oq'kw,vkj{kh,,lwjt ;kno,23oha jkT; Lrjh; lhfu;j oq'kw izfr;ksfxrk 2024,,,,lgkjuiqj,30-08-2024,01-09-2024,2024,&70,Lo.kZ,jkT;
165,dq-f[k-,oq'kw,vkj{kh,,"_""kHk ukxj",23oha jkT; Lrjh; lhfu;j oq'kw izfr;ksfxrk 2024,,,,lgkjuiqj,30-08-2024,01-09-2024,2024,&80,Lo.kZ,jkT;
166,dq-f[k-,oq'kw,vkj{kh,,veu,23oha jkT; Lrjh; lhfu;j oq'kw izfr;ksfxrk 2024,,,,lgkjuiqj,30-08-2024,01-09-2024,2024,&75,Lo.kZ,jkT;
167,dq-f[k-,oq'kw,vkj{kh,,f'koe,23oha jkT; Lrjh; lhfu;j oq'kw izfr;ksfxrk 2024,,,,lgkjuiqj,30-08-2024,01-09-2024,2024,&52,jtr,jkT;
168,dq-f[k-,oq'kw,e- vj{kh,,izhrh,23oha jkT; Lrjh; lhfu;j oq'kw izfr;ksfxrk 2024,,,,lgkjuiqj,30-08-2024,01-09-2024,2024,&56,jtr,jkT;
169,lkeU;,oq'kw,vkj{kh,,fodkl lgjkor,23oha jkT; Lrjh; lhfu;j oq'kw izfr;ksfxrk 2024,,,,lgkjuiqj,30-08-2024,01-09-2024,2024,&85,jtr,jkT;
170,dq-f[k-,oq'kw,vkj{kh,,fpUVw ukxj,23oha jkT; Lrjh; lhfu;j oq'kw izfr;ksfxrk 2024,,,,lgkjuiqj,30-08-2024,01-09-2024,2024,$90,dkaL;,jkT;
171,dq-f[k-,ckfDlax,vkj{kh,,jkWdh pkS/kjh,REC ckfDlax us'kuy vksiu VsysUV g.V ckfDalx izfr;ksfxrk,,,,xqokgVh] vle,14-09-2024,24-09-2024,2024,80,Lo.kZ,
172,dq-f[k-,ckfDlax,vkj{kh,,l{ke flag,REC ckfDlax us'kuy vksiu VsysUV g.V ckfDalx izfr;ksfxrk,,,,xqokgVh] vle,14-09-2024,24-09-2024,2024,75,jtr,
173,dq-f[k-,ckfDlax,e- vj{kh,,fjadh 'kekZ,REC ckfDlax us'kuy vksiu VsysUV g.V ckfDalx izfr;ksfxrk,,,,xqokgVh] vle,14-09-2024,24-09-2024,2024,66,Lo.kZ,
174,dq-f[k-,rkbDok.Mksa,e- vj{kh,,iwtk ,5osa mRrjk[k.M LVsV xsEl esa ,,,,mRrjk[k.M,20-09-2024,28-09-2024,2024,,Lo.kZ,
175,dq-f[k-,ckfDlax,e- vj{kh,,vkLFkk igok,REC Combined National Boxing Championship,,,,jksgrd,06-10-2024,13-10-2024,2024,,dkaL;,
176,dq-f[k-,ckfDlax,e- vj{kh,,fjadh 'kekZ,REC Combined National Boxing Championship,,,,jksgrd,06-10-2024,13-10-2024,2024,,dkaL;,
177,lkeU;,vkpZjh,eq-vk-,,t;nhi dq'kokgk,11oha m-iz- lhfu;j LVsV rhjankth pSfEi;uf'ki 2024,,,,xkft;kckn,13-10-2024,15-10-2024,2024,30ehVj,Lo.kZ,bf.M;u jkm.M
178,lkeU;,vkpZjh,eq-vk-,,t;nhi dq'kokgk,11oha m-iz- lhfu;j LVsV rhjankth pSfEi;uf'ki 2024,,,,xkft;kckn,13-10-2024,15-10-2024,2024,50ehVj,Lo.kZ,bf.M;u jkm.M
179,lkeU;,vkpZjh,eq-vk-,,t;nhi dq'kokgk,11oha m-iz- lhfu;j LVsV rhjankth pSfEi;uf'ki 2024,,,,xkft;kckn,13-10-2024,15-10-2024,2024,vksoj vkWy ¼50$30½,Lo.kZ,bf.M;u jkm.M
180,dq-f[k-,vkpZjh,e- vj{kh,,nhfidk ik.Ms;,11oha m-iz- lhfu;j LVsV rhjankth pSfEi;uf'ki 2024,,,,xkft;kckn,13-10-2024,15-10-2024,2024,vksoj vkWy ¼50$30½,Lo.kZ,bf.M;u jkm.M
181,dq-f[k-@lk-,vkpZjh,,,t;nhi dq'kokgk] nhfidk ik.Ms;,11oha m-iz- lhfu;j LVsV rhjankth pSfEi;uf'ki 2024,,,,xkft;kckn,13-10-2024,15-10-2024,2024,feDl McYl,Lo.kZ,bf.M;u jkm.M
182,dq-f[k-@lk-,vkpZjh,,,t;nhi dq'kokgk] jkgqy ef.k f=ikBh] vfer dqekj flag] oklw lSuh,11oha m-iz- lhfu;j LVsV rhjankth pSfEi;uf'ki 2024,,,,xkft;kckn,13-10-2024,15-10-2024,2024,"Vhe bosUV iq:""k",Lo.kZ,bf.M;u jkm.M
183,dq-f[k-@lk-,vkpZjh,,,izhrh pkS/kjh] Hkwfe dqekjh] nhfidk ik.Ms;] dkty vary,11oha m-iz- lhfu;j LVsV rhjankth pSfEi;uf'ki 2024,,,,xkft;kckn,13-10-2024,15-10-2024,2024,Vhe bosUV efgyk,jtr,bf.M;u jkm.M
184,dq-f[k-,vkpZjh,vkj{kh,,lkSjHk ekS;kZ,11oha m-iz- lhfu;j LVsV rhjankth pSfEi;uf'ki 2024,,,,xkft;kckn,13-10-2024,15-10-2024,2024,O;fDrxr Li/kkZ,Lo.kZ,bf.M;u jkm.M
185,lkeU;,vkpZjh,eq-vk-,,t;nhi dq'kokgk,11oha m-iz- lhfu;j LVsV rhjankth pSfEi;uf'ki 2024,,,,xkft;kckn,13-10-2024,15-10-2024,2024,O;fDrxr Li/kkZ,jtr,bf.M;u jkm.M
186,dq-f[k-,vkpZjh,vkj{kh,,lkSjHk ekS;kZ,11oha m-iz- lhfu;j LVsV rhjankth pSfEi;uf'ki 2024,,,,xkft;kckn,13-10-2024,15-10-2024,2024,50 ehVj,dkaL;,bf.M;u jkm.M
187,dq-f[k-,vkpZjh,e- vj{kh,,nhfidk ik.Ms;,11oha m-iz- lhfu;j LVsV rhjankth pSfEi;uf'ki 2024,,,,xkft;kckn,13-10-2024,15-10-2024,2024,50 ehVj,Lo.kZ,bf.M;u jkm.M
188,dq-f[k-,vkpZjh,vkj{kh,,izsfjr oSnoku,11oha m-iz- lhfu;j LVsV rhjankth pSfEi;uf'ki 2024,,,,xkft;kckn,13-10-2024,15-10-2024,2024,50 ehVj,jtr,fjdoZ jkm.M
189,dq-f[k-,vkpZjh,,,izsfjr oSnoku] thur vkjk,11oha m-iz- lhfu;j LVsV rhjankth pSfEi;uf'ki 2024,,,,xkft;kckn,13-10-2024,15-10-2024,2024,feDl McYl,dkaL;,fjdoZ jkm.M
190,dq-f[k-@lk-,vkpZjh,e- vj{kh,,vuhrk ikSMoky] f'kYih] thur vkjk] uferk oekZ,11oha m-iz- lhfu;j LVsV rhjankth pSfEi;uf'ki 2024,,,,xkft;kckn,13-10-2024,15-10-2024,2024,Vhe bosUV efgyk,Lo.kZ,fjdoZ jkm.M
191,dq-f[k-,dq'rh,e- vj{kh,,papy fljksgh,lhfu;j LVsV dq'rh pSfEi;uf'ki,,,,eFkqjk,09-11-2024,11-11-2024,2024,50fdxzk-HkkjoxZ,Lo.kZ,
192,dq-f[k-,dq'rh,e- vj{kh,,"iq""ik ;kno",lhfu;j LVsV dq'rh pSfEi;uf'ki,,,,eFkqjk,09-11-2024,11-11-2024,2024,62fdxzk-,Lo.kZ,
193,dq-f[k-,dq'rh,e- vj{kh,,nhik,lhfu;j LVsV dq'rh pSfEi;uf'ki,,,,eFkqjk,09-11-2024,11-11-2024,2024,68fdxzk-HkkjoxZ,jtr,
194,dq-f[k-,dq'rh,e- vj{kh,,"gf""kZrk flag",lhfu;j LVsV dq'rh pSfEi;uf'ki,,,,eFkqjk,09-11-2024,11-11-2024,2024,72fdxzk-,dkaL;,
195,dq-f[k-,dq'rh,e- vj{kh,,ekulh ;kno,lhfu;j LVsV dq'rh pSfEi;uf'ki,,,,eFkqjk,09-11-2024,11-11-2024,2024,55fdxzk,dkaL;,
196,dq-f[k-,dq'rh,e- vj{kh,,nh{kk rksej,lhfu;j LVsV dq'rh pSfEi;uf'ki,,,,eFkqjk,09-11-2024,11-11-2024,2024,57fdxzk,dkaL;,
197,dq-f[k-,dq'rh,e- vj{kh,,lk/kuk ;kno,lhfu;j LVsV dq'rh pSfEi;uf'ki,,,,eFkqjk,09-11-2024,11-11-2024,2024,57fdxzk,dkaL;,
198,dq-f[k-,dq'rh,vkj{kh,,fo'kky lkguh,lhfu;j LVsV dq'rh pSfEi;uf'ki,,,,eFkqjk,09-11-2024,11-11-2024,2024,61fdxzk-HkkjoxZ,Lo.kZ,
199,dq-f[k-,dq'rh,vkj{kh,,"vk;q""k dqekj",lhfu;j LVsV dq'rh pSfEi;uf'ki,,,,eFkqjk,09-11-2024,11-11-2024,2024,65fdxzk,Lo.kZ,
200,dq-f[k-,dq'rh,vkj{kh,,xksfoUn dqekj,lhfu;j LVsV dq'rh pSfEi;uf'ki,,,,eFkqjk,09-11-2024,11-11-2024,2024,86fdxzk,Lo.kZ,
201,dq-f[k-,dq'rh,vkj{kh,,"vfHk""ksd ;kno",lhfu;j LVsV dq'rh pSfEi;uf'ki,,,,eFkqjk,09-11-2024,11-11-2024,2024,77fdxzk-HkkjoxZ,Lo.kZ,
202,dq-f[k-,dq'rh,vkj{kh,,vthr ;kno,lhfu;j LVsV dq'rh pSfEi;uf'ki,,,,eFkqjk,09-11-2024,11-11-2024,2024,60fdxzk-HkkjoxZ,jtr,
203,dq-f[k-, 'kwfVax,vkj{kh,,oklw lkxoku,"0755oha bf.M;k vksiu pSfEi;uf'ki jk;Qy ,oa fiLVy",,,,Hkksiky,19-11-2024,30-11-2024,2024,50eh- Qzh fiLVy,jtr,
204,lkeU;,djkVs,e- vj{kh,,fiz;adk,"08oha jk""Vªh; vksiu QsMjs'ku pSfEi;uf'ki esa izfrHkkx gsrq",,,,okjk.klh,30-11-2024,01-12-2024,2024,50fdxzk-HkkjoxZ,jtr,izkbteuh izfr;ksfxrk
205,lkeU;,djkVs,e- vj{kh,,fj;k rksej,"08oha jk""Vªh; vksiu QsMjs'ku pSfEi;uf'ki esa izfrHkkx gsrq",,,,okjk.klh,30-11-2024,01-12-2024,2024,55fdxzk,Lo.kZ,izkbteuh izfr;ksfxrk
206,lkeU;,djkVs,vkj{kh,,"vk'kh""k rksej","08oha jk""Vªh; vksiu QsMjs'ku pSfEi;uf'ki esa izfrHkkx gsrq",,,,okjk.klh,30-11-2024,01-12-2024,2024,60fdxzk-HkkjoxZ,Lo.kZ,izkbteuh izfr;ksfxrk
207,lkeU;,djkVs,e- vj{kh,,izfrHkk,"08oha jk""Vªh; vksiu QsMjs'ku pSfEi;uf'ki esa izfrHkkx gsrq",,,,okjk.klh,30-11-2024,01-12-2024,2024,68fdxzk-HkkjoxZ,jtr,izkbteuh izfr;ksfxrk
208,lkeU;,djkVs,vkj{kh,,lqjsUnz,"08oha jk""Vªh; vksiu QsMjs'ku pSfEi;uf'ki esa izfrHkkx gsrq",,,,okjk.klh,30-11-2024,01-12-2024,2024,75fdxzk,dkaL;,izkbteuh izfr;ksfxrk
209,lkeU;,djkVs,vkj{kh,,"vfHk""ksd","08oha jk""Vªh; vksiu QsMjs'ku pSfEi;uf'ki esa izfrHkkx gsrq",,,,okjk.klh,30-11-2024,01-12-2024,2024,80fdxzk,jtr,izkbteuh izfr;ksfxrk
210,lkeU;,djkVs,vkj{kh,,y{eh'kadj,"08oha jk""Vªh; vksiu QsMjs'ku pSfEi;uf'ki esa izfrHkkx gsrq",,,,okjk.klh,30-11-2024,01-12-2024,2024,84fdxzk,jtr,izkbteuh izfr;ksfxrk
211,,dzkld.Vªh,vkj{kh,,iadt dqekj,59oha vksiu LVsV dzkld.Vªh izfr;ksfxrk,,,,y[kuÅ,22-12-2024,,2024,&,Lo.kZ,
212,,dzkld.Vªh,e- vj{kh,,eerk iky,59oha vksiu LVsV dzkld.Vªh izfr;ksfxrk,,,,y[kuÅ,22-12-2024,,2024,&,Lo.kZ,
213,,dzkld.Vªh,e- vj{kh,,uhrw dqekjh,59oha vksiu LVsV dzkld.Vªh izfr;ksfxrk,,,,y[kuÅ,22-12-2024,,2024,&,dkaL;,
214,dq-f[k-,Vscy Vsful,e- vj{kh,,xquxqu lkgw,06 fMxzh vksisu Vscy Vsful pSfEi;uf”ki,,,,xq:xzke,25-01-2025,26-01-2025,2025,,2 jtr,
215,,vkpZjh,vkj{kh,,jkt jk[ku iVsy,",uVhihlh flVh vksiu vkpZjh VwukZes.V",,,,tcyiqj e-iz-,30-03-2025,30-03-2025,2025,bf.M;u jkm.M,Lo.kZ,
216,,vkpZjh,vkj{kh,,jekdkUr ;kno,",uVhihlh flVh vksiu vkpZjh VwukZes.V",,,,tcyiqj e-iz-,30-03-2025,30-03-2025,2025,bf.M;u jkm.M,dkaL;,
217,dq-f[k-,",FkysfVDl",vkj{kh,,lfpu dqekj,"vksiu LVsV ,FkysfVDl izfr;ksfxrk",,,,cjsyh,10-04-2025,11-04-2025,2025,110eh- gSMy,Lo.kZ,
218,,",FkysfVDl",vkj{kh,,nhid ;kno,"vksiu LVsV ,FkysfVDl izfr;ksfxrk",,,,cjsyh,10-04-2025,11-04-2025,2025,fMLdl Fkzks,Lo.kZ,
219,,",FkysfVDl",vkj{kh,,tfru pkS/kjh,"vksiu LVsV ,FkysfVDl izfr;ksfxrk",,,,cjsyh,10-04-2025,11-04-2025,2025,gSej Fkzks,Lo.kZ,
220,dq-f[k-,",FkysfVDl",vkj{kh,,"fj""kHk usgjk","vksiu LVsV ,FkysfVDl izfr;ksfxrk",,,,cjsyh,10-04-2025,11-04-2025,2025,Hkkyk Qsd,Lo.kZ,
221,dq-f[k-,",FkysfVDl",vkj{kh,,vkdk'k xzsgoky,"vksiu LVsV ,FkysfVDl izfr;ksfxrk",,,,cjsyh,10-04-2025,11-04-2025,2025,xksyk Qsad,Lo.kZ,
222,,",FkysfVDl",vkj{kh,,vHk; ukjk;.k,"vksiu LVsV ,FkysfVDl izfr;ksfxrk",,,,cjsyh,10-04-2025,11-04-2025,2025,400eh- gSMy,jtr,
223,,",FkysfVDl",vkj{kh,,fo'oohj,"vksiu LVsV ,FkysfVDl izfr;ksfxrk",,,,cjsyh,10-04-2025,11-04-2025,2025,400eh- gSMy,Lo.kZ,
224,,",FkysfVDl",vkj{kh,,vuqjkx iVsy,"vksiu LVsV ,FkysfVDl izfr;ksfxrk",,,,cjsyh,10-04-2025,11-04-2025,2025,fMLdl Fkzks,jtr,
225,,",FkysfVDl",vkj{kh,,lkSjHk,"vksiu LVsV ,FkysfVDl izfr;ksfxrk",,,,cjsyh,10-04-2025,11-04-2025,2025,10000eh-,dkaL;,
226,,",FkysfVDl",vkj{kh,,lqjthr flag,"vksiu LVsV ,FkysfVDl izfr;ksfxrk",,,,cjsyh,10-04-2025,11-04-2025,2025,3000eh- LVs-ps-,dkaL;,
227,,",FkysfVDl",vkj{kh,,"vfHk""ksd flag","vksiu LVsV ,FkysfVDl izfr;ksfxrk",,,,cjsyh,10-04-2025,11-04-2025,2025,xksyk Qsad,dkaL;,
228,dq-f[k-,",FkysfVDl",,,fjadh iky,"vksiu LVsV ,FkysfVDl izfr;ksfxrk",,,,cjsyh,10-04-2025,11-04-2025,2025,100eh-,Lo.kZ,
229,,",FkysfVDl",,,f'kokuh gqM~Mk,"vksiu LVsV ,FkysfVDl izfr;ksfxrk",,,,cjsyh,10-04-2025,11-04-2025,2025,1500eh-,Lo.kZ,
230,,",FkysfVDl",,,f'kYih ;kno,"vksiu LVsV ,FkysfVDl izfr;ksfxrk",,,,cjsyh,10-04-2025,11-04-2025,2025,5000eh-,Lo.kZ,
231,dq-f[k-,",FkysfVDl",,,dkty pdzorhZ,"vksiu LVsV ,FkysfVDl izfr;ksfxrk",,,,cjsyh,10-04-2025,11-04-2025,2025,10fdeh,Lo.kZ,
232,dq-f[k-,",FkysfVDl",,,fjfrfodk flag,"vksiu LVsV ,FkysfVDl izfr;ksfxrk",,,,cjsyh,10-04-2025,11-04-2025,2025,100eh- gSMy,Lo.kZ,
233,dq-f[k-,",FkysfVDl",,,yoyh jktiwr,"vksiu LVsV ,FkysfVDl izfr;ksfxrk",,,,cjsyh,10-04-2025,11-04-2025,2025,400eh- gSMy,Lo.kZ,
234,,",FkysfVDl",,,f'kokuh gqM~Mk,"vksiu LVsV ,FkysfVDl izfr;ksfxrk",,,,cjsyh,10-04-2025,11-04-2025,2025,800eh-,jtr,
235,dq-f[k-,",FkysfVDl",,,eerk,"vksiu LVsV ,FkysfVDl izfr;ksfxrk",,,,cjsyh,10-04-2025,11-04-2025,2025,5000eh-,jtr,
236,dq-f[k-,",FkysfVDl",,,eerk,"vksiu LVsV ,FkysfVDl izfr;ksfxrk",,,,cjsyh,10-04-2025,11-04-2025,2025,10fdeh,jtr,
237,dq-f[k-,",FkysfVDl",,,yoyh jktiwr,"vksiu LVsV ,FkysfVDl izfr;ksfxrk",,,,cjsyh,10-04-2025,11-04-2025,2025,100eh- gSMy,jtr,
238,,",FkysfVDl",,,ekgh iVsy,"vksiu LVsV ,FkysfVDl izfr;ksfxrk",,,,cjsyh,10-04-2025,11-04-2025,2025,iksyokYV,Lo.kZ,
239,,",FkysfVDl",,,f'k[kk iokaj,"vksiu LVsV ,FkysfVDl izfr;ksfxrk",,,,cjsyh,10-04-2025,11-04-2025,2025,xksyk Qsad,jtr,
240,,",FkysfVDl",,,cchrk flag,"vksiu LVsV ,FkysfVDl izfr;ksfxrk",,,,cjsyh,10-04-2025,11-04-2025,2025,400eh- gSMy,dkaL;,
241,,",FkysfVDl",,,vaf'kdk ,"vksiu LVsV ,FkysfVDl izfr;ksfxrk",,,,cjsyh,10-04-2025,11-04-2025,2025,xksyk Qsad,dkaL;,
242,dq-f[k-,oq'kw,232650022,,e-vk- gqek [kku,24oha lhfu;j LVsV oq'kw izfr;ksfxrk,,,,esjB,09-05-2025,12-05-2025,2025,lkaMk,jtr,
243,dq-f[k-,oq'kw,232510517,,e-vk- f'koe,24oha lhfu;j LVsV oq'kw izfr;ksfxrk,,,,esjB,09-05-2025,12-05-2025,2025,lkaMk,jtr,
244,dq-f[k-,oq'kw,232510546,,e-vk- izsj.kk,24oha lhfu;j LVsV oq'kw izfr;ksfxrk,,,,esjB,09-05-2025,12-05-2025,2025,lkaMk,jtr,
245,dq-f[k-,oq'kw,232010075,,e-vk- Jqfr ljoS;k,24oha lhfu;j LVsV oq'kw izfr;ksfxrk,,,,esjB,09-05-2025,12-05-2025,2025,lkaMk,Lo.kZ,
246,dq-f[k-,oq'kw,232290125,,e-vk- fiz;adk,24oha lhfu;j LVsV oq'kw izfr;ksfxrk,,,,esjB,09-05-2025,12-05-2025,2025,rkvksyw,Lo.kZ,
247,dq-f[k-,oq'kw,232330252,,vk- eksfgr Fkkik,24oha lhfu;j LVsV oq'kw izfr;ksfxrk,,,,esjB,09-05-2025,12-05-2025,2025,rkvksyw,Lo.kZ,
248,dq-f[k-,oq'kw,232330236,,vk- jfo lw;Zoa'kh,24oha lhfu;j LVsV oq'kw izfr;ksfxrk,,,,esjB,09-05-2025,12-05-2025,2025,rkvksyw,Lo.kZ,
249,dq-f[k-,oq'kw,232330224,,vk- lwjt ;kno,24oha lhfu;j LVsV oq'kw izfr;ksfxrk,,,,esjB,09-05-2025,12-05-2025,2025,lkaMk,Lo.kZ,
250,dq-f[k-,oq'kw,232510676,,"vk- _""kHk ukxj",24oha lhfu;j LVsV oq'kw izfr;ksfxrk,,,,esjB,09-05-2025,12-05-2025,2025,lkaMk,Lo.kZ,
251,lkeU;,;ksxk,,,fjrq Bkdqj,06oha LVsV ;ksxklu LiksVZl pSfEi;uf'ki,,,,vkxjk,24-06-2025,26-06-2025,2025,VªsfM'kuy ;ksxk,Lo.kZ,
252,lkeU;,;ksxk,,,eksfudk 'kqDyk,06oha LVsV ;ksxklu LiksVZl pSfEi;uf'ki,,,,vkxjk,24-06-2025,26-06-2025,2025,VªsfM'kuy ;ksxk,Lo.kZ,
253,lkeU;,;ksxk,,,f'k[kk iokaj,06oha LVsV ;ksxklu LiksVZl pSfEi;uf'ki,,,,vkxjk,24-06-2025,26-06-2025,2025,VªsfM'kuy ;ksxk,jtr,
254,lkeU;,;ksxk,,, 'kxqQk rkSfgn,06oha LVsV ;ksxklu LiksVZl pSfEi;uf'ki,,,,vkxjk,24-06-2025,26-06-2025,2025,VªsfM'kuy ;ksxk,dkaL;,
255,lkeU;,;ksxk,,,"vkapy dqekjh
jktuUnuh",06oha LVsV ;ksxklu LiksVZl pSfEi;uf'ki,,,,vkxjk,24-06-2025,26-06-2025,2025,VªsfM'kuy ;ksxk,dkaL;,
256,dq-f[k-,",FkysfVDl",,,vkj{kh iadt dqekj,"28oha m-iz- LVsV lhfu;j ,FkysfVDl pSfEi;uf'ki 2025",,,,y[kuÅ,29-07-2025,30-07-2025,2025,10000m,Lo.kZ,
257,dq-f[k-,",FkysfVDl",,,vkj{kh lfpu dqekj,"28oha m-iz- LVsV lhfu;j ,FkysfVDl pSfEi;uf'ki 2026",,,,y[kuÅ,29-07-2026,30-07-2026,2025,110m Hurdles,Lo.kZ,
258,dq-f[k-,",FkysfVDl",,,vkj{kh fctsUnz,"28oha m-iz- LVsV lhfu;j ,FkysfVDl pSfEi;uf'ki 2027",,,,y[kuÅ,29-07-2027,30-07-2027,2025,High Jump,Lo.kZ ,
259,dq-f[k-,",FkysfVDl",,,vkj{kh nhid ;kno,"28oha m-iz- LVsV lhfu;j ,FkysfVDl pSfEi;uf'ki 2028",,,,y[kuÅ,29-07-2028,30-07-2028,2025,Discus Throw,Lo.kZ,
260,dq-f[k-,",FkysfVDl",,,vkj{kh vkdk”k xzsgoky,"28oha m-iz- LVsV lhfu;j ,FkysfVDl pSfEi;uf'ki 2029",,,,y[kuÅ,29-07-2029,30-07-2029,2025,Shot Put,Lo.kZ,
261,dq-f[k-,",FkysfVDl",,,vkj{kh eksfgr rksej,"28oha m-iz- LVsV lhfu;j ,FkysfVDl pSfEi;uf'ki 2030",,,,y[kuÅ,29-07-2030,30-07-2030,2025,Decathlon,Lo.kZ,
262,dq-f[k-,",FkysfVDl",,,e-vkj{kh fjfRodk flag,"28oha m-iz- LVsV lhfu;j ,FkysfVDl pSfEi;uf'ki 2031",,,,y[kuÅ,29-07-2031,30-07-2031,2025,100m Hurdles,Lo.kZ ,
263,dq-f[k-,",FkysfVDl",,,e-vkj{kh yoyh jktiwr,"28oha m-iz- LVsV lhfu;j ,FkysfVDl pSfEi;uf'ki 2032",,,,y[kuÅ,29-07-2032,30-07-2032,2025,400m Hurdles,Lo.kZ,
264,dq-f[k-,",FkysfVDl",,,e-vkj{kh ekgh iVsy,"28oha m-iz- LVsV lhfu;j ,FkysfVDl pSfEi;uf'ki 2033",,,,y[kuÅ,29-07-2033,30-07-2033,2025,Pole Vault,Lo.kZ,
265,dq-f[k-,",FkysfVDl",,,e-vkj{kh fu/kh,"28oha m-iz- LVsV lhfu;j ,FkysfVDl pSfEi;uf'ki 2034",,,,y[kuÅ,29-07-2034,30-07-2034,2025,Long Jump,Lo.kZ,
266,dq-f[k-,",FkysfVDl",,,e-vkj{kh [kq”kcw oekZ,"28oha m-iz- LVsV lhfu;j ,FkysfVDl pSfEi;uf'ki 2035",,,,y[kuÅ,29-07-2035,30-07-2035,2025,Triple Jump,Lo.kZ,
267,dq-f[k-,",FkysfVDl",,,vkj{kh vk”kh’k iky,"28oha m-iz- LVsV lhfu;j ,FkysfVDl pSfEi;uf'ki 2036",,,,y[kuÅ,29-07-2036,30-07-2036,2025,3000m sc,jtr ,
268,dq-f[k-,",FkysfVDl",,,vkj{kh nhid ;kno,"28oha m-iz- LVsV lhfu;j ,FkysfVDl pSfEi;uf'ki 2037",,,,y[kuÅ,29-07-2037,30-07-2037,2025,Pole Vault,jtr ,
269,dq-f[k-,",FkysfVDl",,,vkj{kh fo”oohj flag,"28oha m-iz- LVsV lhfu;j ,FkysfVDl pSfEi;uf'ki 2038",,,,y[kuÅ,29-07-2038,30-07-2038,2025,400m Hurdles,jtr ,
270,dq-f[k-,",FkysfVDl",,,vkj{kh lfpu xqtZj,"28oha m-iz- LVsV lhfu;j ,FkysfVDl pSfEi;uf'ki 2039",,,,y[kuÅ,29-07-2039,30-07-2039,2025,Triple Jump,jtr ,
271,dq-f[k-,",FkysfVDl",,,vkj{kh vuqjkx iVsy,"28oha m-iz- LVsV lhfu;j ,FkysfVDl pSfEi;uf'ki 2040",,,,y[kuÅ,29-07-2040,30-07-2040,2025,Discus Throw,jtr ,
272,dq-f[k-,",FkysfVDl",,,vkj{kh f”koe pkS/kjh,"28oha m-iz- LVsV lhfu;j ,FkysfVDl pSfEi;uf'ki 2041",,,,y[kuÅ,29-07-2041,30-07-2041,2025,Shot Put,jtr ,
273,dq-f[k-,",FkysfVDl",,,e-vkj{kh yoyh jktiwr,"28oha m-iz- LVsV lhfu;j ,FkysfVDl pSfEi;uf'ki 2042",,,,y[kuÅ,29-07-2042,30-07-2042,2025,100m Hurdles,jtr ,
274,dq-f[k-,",FkysfVDl",,,e-vkj{kh cfork flag,"28oha m-iz- LVsV lhfu;j ,FkysfVDl pSfEi;uf'ki 2043",,,,y[kuÅ,29-07-2043,30-07-2043,2025,400m Hurdles,jtr ,
275,dq-f[k-,",FkysfVDl",,,vkj{kh dqekj lkuw fxjh,"28oha m-iz- LVsV lhfu;j ,FkysfVDl pSfEi;uf'ki 2044",,,,y[kuÅ,29-07-2044,30-07-2044,2025,High Jump,dkaL;,
276,dq-f[k-,",FkysfVDl",,,vkj{kh eks- “kkg:[k,"28oha m-iz- LVsV lhfu;j ,FkysfVDl pSfEi;uf'ki 2045",,,,y[kuÅ,29-07-2045,30-07-2045,2025,Long Jump,dkaL;,
277,dq-f[k-,",FkysfVDl",,,vkj{kh vthr,"28oha m-iz- LVsV lhfu;j ,FkysfVDl pSfEi;uf'ki 2046",,,,y[kuÅ,29-07-2046,30-07-2046,2025,Triple Jump,dkaL;,
278,dq-f[k-,",FkysfVDl",,,vkj{kh fj’kHk usgjk,"28oha m-iz- LVsV lhfu;j ,FkysfVDl pSfEi;uf'ki 2047",,,,y[kuÅ,29-07-2047,30-07-2047,2025,Javelin Throw,dkaL;,
279,dq-f[k-,",FkysfVDl",,,vkj{kh jek”kadj ;kno,"28oha m-iz- LVsV lhfu;j ,FkysfVDl pSfEi;uf'ki 2048",,,,y[kuÅ,29-07-2048,30-07-2048,2025,Decathlon,dkaL;,
280,dq-f[k-,",FkysfVDl",,,e-vkj{kh ehuw lkgw,"28oha m-iz- LVsV lhfu;j ,FkysfVDl pSfEi;uf'ki 2049",,,,y[kuÅ,29-07-2049,30-07-2049,2025,400m,dkaL;,
281,dq-f[k-,",FkysfVDl",,,e-vkj{kh jhuk iVsy,"28oha m-iz- LVsV lhfu;j ,FkysfVDl pSfEi;uf'ki 2050",,,,y[kuÅ,29-07-2050,30-07-2050,2025,10000m,dkaL; ,
282,dq-f[k-,",FkysfVDl",,,e-vkj{kh “kSyh /kkek,"28oha m-iz- LVsV lhfu;j ,FkysfVDl pSfEi;uf'ki 2051",,,,y[kuÅ,29-07-2051,30-07-2051,2025,3000m SC,dkaL;,
283,dq-f[k-,",FkysfVDl",,,e-vkj{kh f”kokaxh nwcs,"28oha m-iz- LVsV lhfu;j ,FkysfVDl pSfEi;uf'ki 2052",,,,y[kuÅ,29-07-2052,30-07-2052,2025,Long Jump,dkaL;,
284,dq-f[k-,",FkysfVDl",,,e-vkj{kh f”k[kk iokaj,"28oha m-iz- LVsV lhfu;j ,FkysfVDl pSfEi;uf'ki 2053",,,,y[kuÅ,29-07-2053,30-07-2053,2025,Shot Put,dkaL;,
284,dq-f[k-,",FkysfVDl",,,vkj{kh fj’kHk usgjk,"fnYyh vksiu LVsV ,FkysfVDl pSfEi;uf'ki",,,,fnYyh,05-09-2025,07-09-2025,2025,Javelin Throw,Lo.kZ,
,lkeU;, 'kwfVax,,,m-fu- lUuh dqekj,48;wih LVsV 'kwfVax pSfEi;uf'ki,,,,jktLFkku,30-08-2025,07-09-2025,2025,-,Lo.kZ,
,lkeU;, 'kwfVax,,,ihlh vfer dqekj,48;wih LVsV 'kwfVax pSfEi;uf'ki,,,,jktLFkku,30-08-2025,07-09-2025,2025,-,Lo.kZ,
,lkeU;, 'kwfVax,,,vkj{kh vkdk'k pkS/kjh,48;wih LVsV 'kwfVax pSfEi;uf'ki,,,,jktLFkku,30-08-2025,07-09-2025,2025,-,jtr,
,lkeU;, 'kwfVax,,,vkj{kh fizUl ;kno,48;wih LVsV 'kwfVax pSfEi;uf'ki,,,,jktLFkku,30-08-2025,07-09-2025,2025,-,dkaL;,
,dq-f[k-,cSMfeUVu,,,jktu ;kno,bZLV tksu b.Vj LVsV cSMfeUVu pSfEi;uf'ki 2025,,,,te'ksniqj >kj[k.M,04-09-2025,07-09-2025,2025,-,Lo.kZ,
,dq-f[k-,dq'rh,232290170,,"vk;q""k",m-iz- jkT; dq'rh izfr;ksfxrk,,,,ckxir,21-11-2025,23-11-2025,2025,Qzh LVkby,jtr,
,lkeU;,dq'rh,182463017,,n;kuUn,m-iz- jkT; dq'rh izfr;ksfxrk,,,,ckxir,21-11-2025,23-11-2025,2025,xzhdks jkseu,dkaL;,
,dq-f[k-,dq'rh,232030442,,"vk'kh""k dqekj",m-iz- jkT; dq'rh izfr;ksfxrk,,,,ckxir,21-11-2025,23-11-2025,2025,xzhdks jkseu,dkaL;,
,dq-f[k-,dq'rh,234240438,,fo'kky lkguh,m-iz- jkT; dq'rh izfr;ksfxrk,,,,ckxir,21-11-2025,23-11-2025,2025,Qzh LVkby,Lo.kZ,
,dq-f[k-,dq'rh,234100255,,vuwi ;kno,m-iz- jkT; dq'rh izfr;ksfxrk,,,,ckxir,21-11-2025,23-11-2025,2025,xzhdks jkseu,jtr,
,dq-f[k-,dq'rh,232031810,,rstohj flag ;kno,m-iz- jkT; dq'rh izfr;ksfxrk,,,,ckxir,21-11-2025,23-11-2025,2025,Qzh LVkby,dkaL;,
,dq-f[k-,dq'rh,232330630,,nh{kk rksej,m-iz- jkT; dq'rh izfr;ksfxrk,,,,ckxir,21-11-2025,23-11-2025,2025,-,dkaL;,
,dq-f[k-,dq'rh,232330656,,nhik,m-iz- jkT; dq'rh izfr;ksfxrk,,,,ckxir,21-11-2025,23-11-2025,2025,-,dkaL;,
,dq-f[k-,dq'rh,232330672,,papy fljksgh,m-iz- jkT; dq'rh izfr;ksfxrk,,,,ckxir,21-11-2025,23-11-2025,2025,-,jtr,
,dq-f[k-,dq'rh,234103599,,"iq""ik ;kno",m-iz- jkT; dq'rh izfr;ksfxrk,,,,ckxir,21-11-2025,23-11-2025,2025,-,Lo.kZ,
,lkeU;,dq'rh,182664276,,bUnq pkS/kjh,m-iz- jkT; dq'rh izfr;ksfxrk,,,,ckxir,21-11-2025,23-11-2025,2025,-,Lo.kZ,
,lkeU;,dq'rh,182664335,,uhye rksej,m-iz- jkT; dq'rh izfr;ksfxrk,,,,ckxir,21-11-2025,23-11-2025,2025,-,Lo.kZ,
,dq-f[k-, 'kwfVax,,, 'k'kkad f=ikBh,bf.M;k vksiu 'kwfVax izfr;ksfxrk,,,,Hkksiky,11-11-2025,22-11-2025,2025,50eh- jkbZQy Fkzh iksft'ku,dkaL;,
,dq-f[k-,ckLdsVcky,,,efgyk Vhe,izFke ljnkj djt flga eseksfj;y ckLdsVcky VwukZesUV,,,,ihyhHkhr,24-12-2025,25-12-2025,2025,,Lo.kZ,
