2024 esa m-iz- iqfyl Vscy Vsful Vhe ds izfl) f[kykfM;ksa dh miyfC/k dk fooj.k,2024 esa m-iz- iqfyl Vscy Vsful Vhe ds izfl) f[kykfM;ksa dh miyfC/k dk fooj.k,2024 esa m-iz- iqfyl Vscy Vsful Vhe ds izfl) f[kykfM;ksa dh miyfC/k dk fooj.k,2024 esa m-iz- iqfyl Vscy Vsful Vhe ds izfl) f[kykfM;ksa dh miyfC/k dk fooj.k,2024 esa m-iz- iqfyl Vscy Vsful Vhe ds izfl) f[kykfM;ksa dh miyfC/k dk fooj.k,2024 esa m-iz- iqfyl Vscy Vsful Vhe ds izfl) f[kykfM;ksa dh miyfC/k dk fooj.k,2024 esa m-iz- iqfyl Vscy Vsful Vhe ds izfl) f[kykfM;ksa dh miyfC/k dk fooj.k,2024 esa m-iz- iqfyl Vscy Vsful Vhe ds izfl) f[kykfM;ksa dh miyfC/k dk fooj.k,2024 esa m-iz- iqfyl Vscy Vsful Vhe ds izfl) f[kykfM;ksa dh miyfC/k dk fooj.k,2024 esa m-iz- iqfyl Vscy Vsful Vhe ds izfl) f[kykfM;ksa dh miyfC/k dk fooj.k
"Ø0
la0",[ksy fo/kk,"ih,uvks",in o uke,izfr;ksfxrk dk uke,LFkku,fnukad,"o""kZ",Li/kkZ,Iknd
1,3,,4,5,,6,7,9,10
1,Vscy Vsful,&,DySP श्री देवेन्द्र सिंह भदौरिया,72oha vf[ky Hkkjrh; iqfyl okyhckWy DyLVj izfr;ksfxrk 2023&24,ukxiqj] egkjk’V,26-02-2024 ls 02-03-2024,2024,GO’s  50+  सिंगल्स,Lo.kZ
1,Vscy Vsful,&,DySP श्री देवेन्द्र सिंह भदौरिया,72oha vf[ky Hkkjrh; iqfyl okyhckWy DyLVj izfr;ksfxrk 2023&24,ukxiqj] egkjk’V,26-02-2024 ls 02-03-2024,2024,GO’s  40+ सिंगल्स,dkaL;
1,Vscy Vsful,&,DySP श्री देवेन्द्र सिंह भदौरिया,72oha vf[ky Hkkjrh; iqfyl okyhckWy DyLVj izfr;ksfxrk 2023&24,ukxiqj] egkjk’V,26-02-2024 ls 02-03-2024,2024,GO’s टीम चैम्पियनशिप,jtr
1,Vscy Vsful,&,DySP श्री देवेन्द्र सिंह भदौरिया,72oha vf[ky Hkkjrh; iqfyl okyhckWy DyLVj izfr;ksfxrk 2023&24,ukxiqj] egkjk’V,26-02-2024 ls 02-03-2024,2024,GO’s 50++++ डवल्स,Lo.kZ
1,Vscy Vsful,&,DySP श्री देवेन्द्र सिंह भदौरिया,72oha vf[ky Hkkjrh; iqfyl okyhckWy DyLVj izfr;ksfxrk 2023&24,ukxiqj] egkjk’V,26-02-2024 ls 02-03-2024,2024,GO’s 40++++ डवल्स,jtr
1,Vscy Vsful,&,DySP श्री देवेन्द्र सिंह भदौरिया,72oha vf[ky Hkkjrh; iqfyl okyhckWy DyLVj izfr;ksfxrk 2023&24,ukxiqj] egkjk’V,26-02-2024 ls 02-03-2024,2024,GO’s ओपन डबल्स,jtr
2,Vscy Vsful,&,DySP श्री प्रेम कुमार थापा,72oha vf[ky Hkkjrh; iqfyl okyhckWy DyLVj izfr;ksfxrk 2023&24,ukxiqj] egkjk’V,26-02-2024 ls 02-03-2024,2024,GO’s  50+  सिंगल्स,jtr
2,Vscy Vsful,&,DySP श्री प्रेम कुमार थापा,72oha vf[ky Hkkjrh; iqfyl okyhckWy DyLVj izfr;ksfxrk 2023&24,ukxiqj] egkjk’V,26-02-2024 ls 02-03-2024,2024,GO’s टीम चैम्पियनशिप,jtr
2,Vscy Vsful,&,DySP श्री प्रेम कुमार थापा,72oha vf[ky Hkkjrh; iqfyl okyhckWy DyLVj izfr;ksfxrk 2023&24,ukxiqj] egkjk’V,26-02-2024 ls 02-03-2024,2024,GO’s 50++++ डवल्स,Lo.kZ
3,Vscy Vsful,&,m-fu- lqczrjkt oekZ,72oha vf[ky Hkkjrh; iqfyl okyhckWy DyLVj izfr;ksfxrk 2023&24,ukxiqj] egkjk’V,26-02-2024 ls 02-03-2024,2024,ओपन  सिंगल्स,jtr
3,Vscy Vsful,&,m-fu- lqczrjkt oekZ,72oha vf[ky Hkkjrh; iqfyl okyhckWy DyLVj izfr;ksfxrk 2023&24,ukxiqj] egkjk’V,26-02-2024 ls 02-03-2024,2024,पुरूष टीम चैम्पियनशिप,Lo.kZ
3,Vscy Vsful,&,m-fu- lqczrjkt oekZ,72oha vf[ky Hkkjrh; iqfyl okyhckWy DyLVj izfr;ksfxrk 2023&24,ukxiqj] egkjk’V,26-02-2024 ls 02-03-2024,2024,ओपन डवल्स,Lo.kZ
3,Vscy Vsful,&,m-fu- lqczrjkt oekZ,72oha vf[ky Hkkjrh; iqfyl okyhckWy DyLVj izfr;ksfxrk 2023&24,ukxiqj] egkjk’V,26-02-2024 ls 02-03-2024,2024,ओपन मिक्स डबल्स,dkaL;
4,Vscy Vsful,&,nyuk;d jkgqy pkS/kjh,72oha vf[ky Hkkjrh; iqfyl okyhckWy DyLVj izfr;ksfxrk 2023&24,ukxiqj] egkjk’V,26-02-2024 ls 02-03-2024,2024,ओपन  सिंगल्स,dkaL;
4,Vscy Vsful,&,nyuk;d jkgqy pkS/kjh,72oha vf[ky Hkkjrh; iqfyl okyhckWy DyLVj izfr;ksfxrk 2023&24,ukxiqj] egkjk’V,26-02-2024 ls 02-03-2024,2024,पुरूष टीम चैम्पियनशिप,Lo.kZ
4,Vscy Vsful,&,nyuk;d jkgqy pkS/kjh,72oha vf[ky Hkkjrh; iqfyl okyhckWy DyLVj izfr;ksfxrk 2023&24,ukxiqj] egkjk’V,26-02-2024 ls 02-03-2024,2024,ओपन मिक्स डवल्स,jtr
4,Vscy Vsful,&,nyuk;d jkgqy pkS/kjh,72oha vf[ky Hkkjrh; iqfyl okyhckWy DyLVj izfr;ksfxrk 2023&24,ukxiqj] egkjk’V,26-02-2024 ls 02-03-2024,2024,ओपन डवल्स,Lo.kZ
5,Vscy Vsful,&,"m-fu- J`f""V t;loky",72oha vf[ky Hkkjrh; iqfyl okyhckWy DyLVj izfr;ksfxrk 2023&24,ukxiqj] egkjk’V,26-02-2024 ls 02-03-2024,2024,ओपन डवल्स,Lo.kZ
5,Vscy Vsful,&,"m-fu- J`f""V t;loky",72oha vf[ky Hkkjrh; iqfyl okyhckWy DyLVj izfr;ksfxrk 2023&24,ukxiqj] egkjk’V,26-02-2024 ls 02-03-2024,2024,महिला टीम चैम्पियनशिप,Lo.kZ
5,Vscy Vsful,&,"m-fu- J`f""V t;loky",72oha vf[ky Hkkjrh; iqfyl okyhckWy DyLVj izfr;ksfxrk 2023&24,ukxiqj] egkjk’V,26-02-2024 ls 02-03-2024,2024,ओपन  सिंगल्स,jtr
5,Vscy Vsful,&,"m-fu- J`f""V t;loky",72oha vf[ky Hkkjrh; iqfyl okyhckWy DyLVj izfr;ksfxrk 2023&24,ukxiqj] egkjk’V,26-02-2024 ls 02-03-2024,2024,ओपन मिक्स डबल्स,dkaL;
6,Vscy Vsful,&,m-fu- xquxqu lkgw,72oha vf[ky Hkkjrh; iqfyl okyhckWy DyLVj izfr;ksfxrk 2023&24,ukxiqj] egkjk’V,26-02-2024 ls 02-03-2024,2024,महिला टीम चैम्पियनशिप,Lo.kZ
6,Vscy Vsful,&,m-fu- xquxqu lkgw,72oha vf[ky Hkkjrh; iqfyl okyhckWy DyLVj izfr;ksfxrk 2023&24,ukxiqj] egkjk’V,26-02-2024 ls 02-03-2024,2024,ओपन मिक्स डवल्स,Lo.kZ
6,Vscy Vsful,&,m-fu- xquxqu lkgw,72oha vf[ky Hkkjrh; iqfyl okyhckWy DyLVj izfr;ksfxrk 2023&24,ukxiqj] egkjk’V,26-02-2024 ls 02-03-2024,2024,ओपन डवल्स,Lo.kZ
7,Vscy Vsful,&,m-fu- vjfoUn pkS/kjh,72oha vf[ky Hkkjrh; iqfyl okyhckWy DyLVj izfr;ksfxrk 2023&24,ukxiqj] egkjk’V,26-02-2024 ls 02-03-2024,2024,पुरूष टीम चैम्पियनशिप,Lo.kZ
7,Vscy Vsful,&,m-fu- vjfoUn pkS/kjh,72oha vf[ky Hkkjrh; iqfyl okyhckWy DyLVj izfr;ksfxrk 2023&24,ukxiqj] egkjk’V,26-02-2024 ls 02-03-2024,2024,ओपन मिक्स डवल्स,Lo.kZ
7,Vscy Vsful,&,m-fu- vjfoUn pkS/kjh,72oha vf[ky Hkkjrh; iqfyl okyhckWy DyLVj izfr;ksfxrk 2023&24,ukxiqj] egkjk’V,26-02-2024 ls 02-03-2024,2024,ओपन डवल्स,jtr
2024 esa m-iz- iqfyl cSMfeUVu Vhe ds izfl) f[kykfM;ksa dh miyfC/k dk fooj.k,2024 esa m-iz- iqfyl cSMfeUVu Vhe ds izfl) f[kykfM;ksa dh miyfC/k dk fooj.k,2024 esa m-iz- iqfyl cSMfeUVu Vhe ds izfl) f[kykfM;ksa dh miyfC/k dk fooj.k,2024 esa m-iz- iqfyl cSMfeUVu Vhe ds izfl) f[kykfM;ksa dh miyfC/k dk fooj.k,2024 esa m-iz- iqfyl cSMfeUVu Vhe ds izfl) f[kykfM;ksa dh miyfC/k dk fooj.k,2024 esa m-iz- iqfyl cSMfeUVu Vhe ds izfl) f[kykfM;ksa dh miyfC/k dk fooj.k,2024 esa m-iz- iqfyl cSMfeUVu Vhe ds izfl) f[kykfM;ksa dh miyfC/k dk fooj.k,2024 esa m-iz- iqfyl cSMfeUVu Vhe ds izfl) f[kykfM;ksa dh miyfC/k dk fooj.k,2024 esa m-iz- iqfyl cSMfeUVu Vhe ds izfl) f[kykfM;ksa dh miyfC/k dk fooj.k,2024 esa m-iz- iqfyl cSMfeUVu Vhe ds izfl) f[kykfM;ksa dh miyfC/k dk fooj.k
"Ø0
la0",[ksy fo/kk,"ih,uvks",in o uke,izfr;ksfxrk dk uke,LFkku,fnukad,"o""kZ",Li/kkZ,Iknd
1,cSMfeUVu,&,m-fu- jktu ;kno,16oha vf[ky Hkkjrh; iqfyl cSMfeUVu izfr;ksfxrk 2023,rsyaxkuk] gSnjkckn,17-03-2024 ls 21-03-2024,2024,vksiu flaxYl iq:’k ,Lo.kZ
1,cSMfeUVu,&,m-fu- jktu ;kno,16oha vf[ky Hkkjrh; iqfyl cSMfeUVu izfr;ksfxrk 2023,rsyaxkuk] gSnjkckn,17-03-2024 ls 21-03-2024,2024,vksiu McYl iq:’k,dkaL;
1,cSMfeUVu,&,m-fu- jktu ;kno,16oha vf[ky Hkkjrh; iqfyl cSMfeUVu izfr;ksfxrk 2023,rsyaxkuk] gSnjkckn,17-03-2024 ls 21-03-2024,2024,vksiu feDl McYl,Lo.kZ
2,cSMfeUVu,&,m-fu- fleju pkS/kjh,16oha vf[ky Hkkjrh; iqfyl cSMfeUVu izfr;ksfxrk 2023,rsyaxkuk] gSnjkckn,17-03-2024 ls 21-03-2024,2024,efgyk vksiu flaxYl,Lo.kZ
2,cSMfeUVu,&,m-fu- fleju pkS/kjh,16oha vf[ky Hkkjrh; iqfyl cSMfeUVu izfr;ksfxrk 2023,rsyaxkuk] gSnjkckn,17-03-2024 ls 21-03-2024,2024,vksiu feDl McYl,Lo.kZ
2,cSMfeUVu,&,m-fu- fleju pkS/kjh,16oha vf[ky Hkkjrh; iqfyl cSMfeUVu izfr;ksfxrk 2023,rsyaxkuk] gSnjkckn,17-03-2024 ls 21-03-2024,2024,efgyk vksiu McYl,dkaL;
3,cSMfeUVu,&,e-eq-vkj{kh fjpk ;kno,16oha vf[ky Hkkjrh; iqfyl cSMfeUVu izfr;ksfxrk 2023,rsyaxkuk] gSnjkckn,17-03-2024 ls 21-03-2024,2024,vksiu flaxYl,dkaL; 
3,cSMfeUVu,&,e-eq-vkj{kh fjpk ;kno,16oha vf[ky Hkkjrh; iqfyl cSMfeUVu izfr;ksfxrk 2023,rsyaxkuk] gSnjkckn,17-03-2024 ls 21-03-2024,2024,efgyk vksiu McYl,dkaL;
2025 esa m-iz- iqfyl Vscy Vsful Vhe ds izfl) f[kykfM;ksa dh miyfC/k dk fooj.k,2025 esa m-iz- iqfyl Vscy Vsful Vhe ds izfl) f[kykfM;ksa dh miyfC/k dk fooj.k,2025 esa m-iz- iqfyl Vscy Vsful Vhe ds izfl) f[kykfM;ksa dh miyfC/k dk fooj.k,2025 esa m-iz- iqfyl Vscy Vsful Vhe ds izfl) f[kykfM;ksa dh miyfC/k dk fooj.k,2025 esa m-iz- iqfyl Vscy Vsful Vhe ds izfl) f[kykfM;ksa dh miyfC/k dk fooj.k,2025 esa m-iz- iqfyl Vscy Vsful Vhe ds izfl) f[kykfM;ksa dh miyfC/k dk fooj.k,2025 esa m-iz- iqfyl Vscy Vsful Vhe ds izfl) f[kykfM;ksa dh miyfC/k dk fooj.k,2025 esa m-iz- iqfyl Vscy Vsful Vhe ds izfl) f[kykfM;ksa dh miyfC/k dk fooj.k,2025 esa m-iz- iqfyl Vscy Vsful Vhe ds izfl) f[kykfM;ksa dh miyfC/k dk fooj.k,2025 esa m-iz- iqfyl Vscy Vsful Vhe ds izfl) f[kykfM;ksa dh miyfC/k dk fooj.k
"Ø0
la0",[ksy fo/kk,"ih,uvks",in o uke,izfr;ksfxrk dk uke,LFkku,fnukad,"o""kZ",Li/kkZ,Iknd
1,Vscy Vsful,&,"Jherh pk: fuxe ¼vkbZih,l½",izFke vf[ky Hkkjrh; iqfyl cSMfeUVu DyLVj ¼cSMfeUVu@Vscy Vsful½ izfr;ksfxrk 2024&25,dksPph] dsjy ,11-04-2025 ls 15-04-2025 ,2025,vksiu flaxy efgyk oxZ,dkaL;
1,Vscy Vsful,&,"Jherh pk: fuxe ¼vkbZih,l½",izFke vf[ky Hkkjrh; iqfyl cSMfeUVu DyLVj ¼cSMfeUVu@Vscy Vsful½ izfr;ksfxrk 2024&25,dksPph] dsjy ,11-04-2025 ls 15-04-2025 ,2025,vksiu feDl McYl,dkaL;
2,Vscy Vsful,&,Dysp Jh izse dqekj Fkkik,izFke vf[ky Hkkjrh; iqfyl cSMfeUVu DyLVj ¼cSMfeUVu@Vscy Vsful½ izfr;ksfxrk 2024&25,dksPph] dsjy ,11-04-2025 ls 15-04-2025 ,2025,vksiu feDl McYl,dkaL;
3,Vscy Vsful,&,nyuk;d jkgqy pkS/kjh,izFke vf[ky Hkkjrh; iqfyl cSMfeUVu DyLVj ¼cSMfeUVu@Vscy Vsful½ izfr;ksfxrk 2024&25,dksPph] dsjy ,11-04-2025 ls 15-04-2025 ,2025,"iq:""k Vhe pSfEi;uf'ki",Lo.kZ
3,Vscy Vsful,&,nyuk;d jkgqy pkS/kjh,izFke vf[ky Hkkjrh; iqfyl cSMfeUVu DyLVj ¼cSMfeUVu@Vscy Vsful½ izfr;ksfxrk 2024&25,dksPph] dsjy ,11-04-2025 ls 15-04-2025 ,2025,vksiu McYl,Lo.kZ
3,Vscy Vsful,&,nyuk;d jkgqy pkS/kjh,izFke vf[ky Hkkjrh; iqfyl cSMfeUVu DyLVj ¼cSMfeUVu@Vscy Vsful½ izfr;ksfxrk 2024&25,dksPph] dsjy ,11-04-2025 ls 15-04-2025 ,2025,vksiu flaxy,dkaL;
4,Vscy Vsful,&,m-fu- vjfoUn pkS/kjh,izFke vf[ky Hkkjrh; iqfyl cSMfeUVu DyLVj ¼cSMfeUVu@Vscy Vsful½ izfr;ksfxrk 2024&25,dksPph] dsjy ,11-04-2025 ls 15-04-2025 ,2025,"iq:""k Vhe pSfEi;uf'ki",Lo.kZ
4,Vscy Vsful,&,m-fu- vjfoUn pkS/kjh,izFke vf[ky Hkkjrh; iqfyl cSMfeUVu DyLVj ¼cSMfeUVu@Vscy Vsful½ izfr;ksfxrk 2024&25,dksPph] dsjy ,11-04-2025 ls 15-04-2025 ,2025,vksiu McYl,Lo.kZ
4,Vscy Vsful,&,m-fu- vjfoUn pkS/kjh,izFke vf[ky Hkkjrh; iqfyl cSMfeUVu DyLVj ¼cSMfeUVu@Vscy Vsful½ izfr;ksfxrk 2024&25,dksPph] dsjy ,11-04-2025 ls 15-04-2025 ,2025,vksiu feDl McYl,jtr
5,Vscy Vsful,&,m-fu- xquxqu lkgw,izFke vf[ky Hkkjrh; iqfyl cSMfeUVu DyLVj ¼cSMfeUVu@Vscy Vsful½ izfr;ksfxrk 2024&25,dksPph] dsjy ,11-04-2025 ls 15-04-2025 ,2025,vksiu feDl McYl,jtr
5,Vscy Vsful,&,m-fu- xquxqu lkgw,izFke vf[ky Hkkjrh; iqfyl cSMfeUVu DyLVj ¼cSMfeUVu@Vscy Vsful½ izfr;ksfxrk 2024&25,dksPph] dsjy ,11-04-2025 ls 15-04-2025 ,2025,Vhe pSfEi;uf'ki efgyk,Lo.kZ
5,Vscy Vsful,&,m-fu- xquxqu lkgw,izFke vf[ky Hkkjrh; iqfyl cSMfeUVu DyLVj ¼cSMfeUVu@Vscy Vsful½ izfr;ksfxrk 2024&25,dksPph] dsjy ,11-04-2025 ls 15-04-2025 ,2025,vksiu McYl,Lo.kZ
5,Vscy Vsful,&,m-fu- xquxqu lkgw,izFke vf[ky Hkkjrh; iqfyl cSMfeUVu DyLVj ¼cSMfeUVu@Vscy Vsful½ izfr;ksfxrk 2024&25,dksPph] dsjy ,11-04-2025 ls 15-04-2025 ,2025,vksiu flaxy,jtr
6,Vscy Vsful,&,"m-fu- J`f""V tk;loky",izFke vf[ky Hkkjrh; iqfyl cSMfeUVu DyLVj ¼cSMfeUVu@Vscy Vsful½ izfr;ksfxrk 2024&25,dksPph] dsjy ,11-04-2025 ls 15-04-2025 ,2025,vksiu feDl McYl,Lo.kZ
6,Vscy Vsful,&,"m-fu- J`f""V tk;loky",izFke vf[ky Hkkjrh; iqfyl cSMfeUVu DyLVj ¼cSMfeUVu@Vscy Vsful½ izfr;ksfxrk 2024&25,dksPph] dsjy ,11-04-2025 ls 15-04-2025 ,2025,Vhe pSfEi;uf'ki efgyk,Lo.kZ
6,Vscy Vsful,&,"m-fu- J`f""V tk;loky",izFke vf[ky Hkkjrh; iqfyl cSMfeUVu DyLVj ¼cSMfeUVu@Vscy Vsful½ izfr;ksfxrk 2024&25,dksPph] dsjy ,11-04-2025 ls 15-04-2025 ,2025,vksiu flaxy,Lo.kZ
6,Vscy Vsful,&,"m-fu- J`f""V tk;loky",izFke vf[ky Hkkjrh; iqfyl cSMfeUVu DyLVj ¼cSMfeUVu@Vscy Vsful½ izfr;ksfxrk 2024&25,dksPph] dsjy ,11-04-2025 ls 15-04-2025 ,2025,vksiu McYl,Lo.kZ
2025 esa m-iz- iqfyl cSMfeUVu Vhe ds izfl) f[kykfM;ksa dh miyfC/k dk fooj.k,2025 esa m-iz- iqfyl cSMfeUVu Vhe ds izfl) f[kykfM;ksa dh miyfC/k dk fooj.k,2025 esa m-iz- iqfyl cSMfeUVu Vhe ds izfl) f[kykfM;ksa dh miyfC/k dk fooj.k,2025 esa m-iz- iqfyl cSMfeUVu Vhe ds izfl) f[kykfM;ksa dh miyfC/k dk fooj.k,2025 esa m-iz- iqfyl cSMfeUVu Vhe ds izfl) f[kykfM;ksa dh miyfC/k dk fooj.k,2025 esa m-iz- iqfyl cSMfeUVu Vhe ds izfl) f[kykfM;ksa dh miyfC/k dk fooj.k,2025 esa m-iz- iqfyl cSMfeUVu Vhe ds izfl) f[kykfM;ksa dh miyfC/k dk fooj.k,2025 esa m-iz- iqfyl cSMfeUVu Vhe ds izfl) f[kykfM;ksa dh miyfC/k dk fooj.k,2025 esa m-iz- iqfyl cSMfeUVu Vhe ds izfl) f[kykfM;ksa dh miyfC/k dk fooj.k,2025 esa m-iz- iqfyl cSMfeUVu Vhe ds izfl) f[kykfM;ksa dh miyfC/k dk fooj.k
"Ø0
la0",[ksy fo/kk,"ih,uvks",in o uke,izfr;ksfxrk dk uke,LFkku,fnukad,"o""kZ",Li/kkZ,Iknd
1,cSMfeUVu,&,"Jherh pk: fuxe ¼vkbZih,l½",izFke vf[ky Hkkjrh; iqfyl cSMfeUVu DyLVj izfr;ksfxrk 2024&25,dksPph] dsjy ,11-04-2025 ls 15-04-2025 ,2025,jktif=r efgyk flaxYl,dkaL;
2,cSMfeUVu,&,e-eq-vkj{kh fjpk ;kno,izFke vf[ky Hkkjrh; iqfyl cSMfeUVu DyLVj izfr;ksfxrk 2024&25,dksPph] dsjy ,11-04-2025 ls 15-04-2025 ,2025,fefJr ;qxy vksiu,dkaL;
2,cSMfeUVu,&,e-eq-vkj{kh fjpk ;kno,izFke vf[ky Hkkjrh; iqfyl cSMfeUVu DyLVj izfr;ksfxrk 2024&25,dksPph] dsjy ,11-04-2025 ls 15-04-2025 ,2025,efgyk flxYl,dkaL;
2,cSMfeUVu,&,e-eq-vkj{kh fjpk ;kno,izFke vf[ky Hkkjrh; iqfyl cSMfeUVu DyLVj izfr;ksfxrk 2024&25,dksPph] dsjy ,11-04-2025 ls 15-04-2025 ,2025,efgyk ;qxy,jtr
3,cSMfeUVu,234240308,m-fu- jktu ;kno,izFke vf[ky Hkkjrh; iqfyl cSMfeUVu DyLVj izfr;ksfxrk 2024&25,dksPph] dsjy ,11-04-2025 ls 15-04-2025 ,2025,fefJr ;qxy vksiu,Lo.kZ
4,cSMfeUVu,234240308,m-fu- fleju pkS/kjh,izFke vf[ky Hkkjrh; iqfyl cSMfeUVu DyLVj izfr;ksfxrk 2024&25,dksPph] dsjy ,11-04-2025 ls 15-04-2025 ,2025,fefJr ;qxy vksiu,Lo.kZ
4,cSMfeUVu,234240308,m-fu- fleju pkS/kjh,izFke vf[ky Hkkjrh; iqfyl cSMfeUVu DyLVj izfr;ksfxrk 2024&25,dksPph] dsjy ,11-04-2025 ls 15-04-2025 ,2025,efgyk flxYl,dkaL;
4,cSMfeUVu,234240308,m-fu- fleju pkS/kjh,izFke vf[ky Hkkjrh; iqfyl cSMfeUVu DyLVj izfr;ksfxrk 2024&25,dksPph] dsjy ,11-04-2025 ls 15-04-2025 ,2025,efgyk ;qxy,jtr
